fecha,tienda_id,producto_id,categoria,region,ciudad,precio_unitario,cantidad_vendida,ingreso_total,en_promocion,stock_inicio_dia,stock_fin_dia,dias_plazo_proveedor,quiebre_stock
2023-02-21,STORE_05,PROD_015,Limpieza,Oeste,Maldonado,4.32,3,12.96,0,22,21,2,0
2023-01-02,STORE_04,PROD_030,Snacks,Oeste,Paysandú,1.72,4,6.88,0,79,77,3,0
2023-02-16,STORE_03,PROD_044,Lácteos,Oeste,Montevideo,2.92,5,14.6,0,72,65,7,0
2023-03-01,STORE_04,PROD_008,Limpieza,Sur,Montevideo,3.91,8,31.28,0,67,61,5,0
2023-03-03,STORE_05,PROD_016,Panadería,Sur,Maldonado,1.61,6,9.66,1,82,75,5,0
2023-03-22,STORE_03,PROD_035,Bebidas,Este,Maldonado,2.94,6,17.64,0,63,59,5,0
2023-02-04,STORE_01,PROD_035,Panadería,Este,Salto,1.69,4,6.76,0,82,75,7,0
2023-01-04,STORE_05,PROD_023,Panadería,Este,Salto,1.44,9,12.96,1,81,69,2,0
2023-01-27,STORE_01,PROD_013,Bebidas,Este,Salto,2.56,4,10.24,0,71,64,3,0
2023-02-27,STORE_04,PROD_012,Snacks,Este,Montevideo,1.7,7,11.9,1,89,82,5,0
2023-03-16,STORE_03,PROD_017,Panadería,Oeste,Durazno,1.64,3,4.92,0,22,19,7,0
2023-02-28,STORE_04,PROD_019,Snacks,Este,Salto,1.81,8,14.48,0,26,18,7,0
2023-03-31,STORE_01,PROD_049,Snacks,Norte,Paysandú,1.92,14,26.88,1,85,73,5,0
2023-03-21,STORE_05,PROD_041,Lácteos,Norte,Paysandú,3.11,6,18.66,0,41,37,3,0
2023-02-07,STORE_05,PROD_008,Limpieza,Este,Durazno,4.02,6,24.12,0,63,57,3,0
2023-02-15,STORE_05,PROD_006,Limpieza,Oeste,Montevideo,4.74,5,23.7,0,52,46,7,0
2023-01-18,STORE_01,PROD_042,Snacks,Este,Durazno,1.95,15,29.25,1,35,22,7,0
2023-03-28,STORE_04,PROD_034,Snacks,Oeste,Salto,1.87,2,3.74,0,71,67,3,0
2023-01-15,STORE_03,PROD_037,Bebidas,Oeste,Maldonado,2.45,10,24.5,1,81,68,7,0
2023-01-01,STORE_02,PROD_001,Snacks,Oeste,Montevideo,1.98,7,13.86,0,97,90,2,0
2023-02-16,STORE_01,PROD_030,Lácteos,Norte,Paysandú,2.9,4,11.6,0,88,84,3,0
2023-02-21,STORE_02,PROD_019,Snacks,Oeste,Montevideo,1.91,11,21.01,0,84,70,7,0
2023-03-15,STORE_03,PROD_044,Panadería,Norte,Paysandú,1.4,2,2.8,0,27,26,3,0
2023-03-15,STORE_02,PROD_034,Limpieza,Norte,Paysandú,4.43,5,22.15,0,43,37,2,0
2023-02-05,STORE_02,PROD_049,Panadería,Oeste,Montevideo,1.66,5,8.3,0,31,27,2,0
2023-01-19,STORE_04,PROD_009,Lácteos,Sur,Paysandú,3.43,7,24.01,0,61,52,5,0
2023-01-14,STORE_02,PROD_005,Limpieza,Este,Maldonado,4.02,5,20.1,0,69,63,3,0
2023-03-07,STORE_05,PROD_029,Panadería,Sur,Salto,1.61,10,16.1,1,64,55,3,0
2023-02-27,STORE_04,PROD_028,Panadería,Este,Montevideo,1.68,3,5.04,0,52,51,2,0
2023-01-06,STORE_02,PROD_044,Panadería,Oeste,Maldonado,1.37,11,15.07,1,31,18,7,0
2023-01-16,STORE_04,PROD_024,Lácteos,Norte,Durazno,3.06,6,18.36,0,52,47,7,0
2023-03-18,STORE_04,PROD_048,Panadería,Norte,Salto,1.72,14,24.08,1,20,7,7,0
2023-02-24,STORE_04,PROD_017,Panadería,Este,Maldonado,1.8,7,12.6,0,81,71,2,0
2023-02-01,STORE_02,PROD_028,Snacks,Sur,Durazno,1.88,14,26.32,1,98,83,5,0
2023-03-04,STORE_02,PROD_038,Bebidas,Oeste,Paysandú,2.47,8,19.76,0,62,53,5,0
2023-01-23,STORE_03,PROD_016,Lácteos,Oeste,Paysandú,3.21,5,16.05,1,80,77,2,0
2023-03-11,STORE_01,PROD_005,Bebidas,Oeste,Durazno,2.92,5,14.6,0,67,63,2,0
2023-01-26,STORE_04,PROD_001,Bebidas,Este,Maldonado,2.99,5,14.95,0,78,72,5,0
2023-01-03,STORE_03,PROD_047,Lácteos,Norte,Durazno,3.31,3,9.93,0,76,70,5,0
2023-03-27,STORE_02,PROD_044,Bebidas,Norte,Maldonado,2.7,6,16.2,0,61,52,2,0
2023-01-06,STORE_04,PROD_026,Snacks,Este,Salto,2.15,2,4.3,0,23,23,5,0
2023-03-03,STORE_01,PROD_003,Limpieza,Este,Maldonado,4.78,8,38.24,0,27,17,5,0
2023-02-14,STORE_04,PROD_005,Snacks,Sur,Paysandú,1.85,3,5.55,0,56,55,5,0
2023-03-18,STORE_03,PROD_003,Bebidas,Sur,Durazno,2.59,4,10.36,0,28,23,5,0
2023-01-24,STORE_03,PROD_030,Bebidas,Norte,Paysandú,2.97,4,11.88,0,41,37,7,0
2023-03-13,STORE_03,PROD_041,Panadería,Sur,Paysandú,1.42,8,11.36,0,70,63,3,0
2023-01-23,STORE_01,PROD_025,Bebidas,Norte,Durazno,2.66,10,26.6,1,46,33,3,0
2023-03-09,STORE_02,PROD_010,Panadería,Este,Durazno,1.5,5,7.5,1,95,91,3,0
2023-01-27,STORE_03,PROD_036,Lácteos,Sur,Salto,3.46,7,24.22,1,79,71,7,0
2023-03-09,STORE_05,PROD_037,Snacks,Norte,Paysandú,1.82,3,5.46,0,20,19,2,0
2023-01-21,STORE_02,PROD_046,Lácteos,Sur,Montevideo,3.2,6,19.2,0,44,36,5,0
2023-02-07,STORE_02,PROD_007,Snacks,Este,Durazno,2.12,3,6.36,0,71,70,2,0
2023-03-29,STORE_01,PROD_049,Panadería,Este,Salto,1.63,5,8.15,0,80,72,5,0
2023-01-01,STORE_05,PROD_030,Limpieza,Este,Salto,4.02,10,40.2,0,27,18,5,0
2023-01-03,STORE_02,PROD_010,Limpieza,Sur,Durazno,4.09,3,12.27,0,86,82,5,0
2023-03-13,STORE_01,PROD_047,Panadería,Este,Salto,1.64,5,8.2,0,56,53,2,0
2023-01-14,STORE_02,PROD_007,Snacks,Este,Montevideo,1.73,8,13.84,0,24,17,3,0
2023-01-09,STORE_02,PROD_044,Limpieza,Oeste,Durazno,4.52,5,22.6,0,33,25,7,0
2023-03-07,STORE_05,PROD_025,Bebidas,Sur,Salto,2.57,7,17.99,0,56,46,3,0
2023-03-17,STORE_05,PROD_042,Panadería,Este,Montevideo,1.47,7,10.29,0,21,14,3,0
2023-03-06,STORE_03,PROD_036,Limpieza,Sur,Maldonado,4.07,8,32.56,0,55,47,5,0
2023-03-22,STORE_03,PROD_045,Limpieza,Sur,Montevideo,4.53,5,22.65,0,22,15,2,0
2023-02-13,STORE_03,PROD_030,Snacks,Oeste,Salto,1.79,14,25.06,1,45,29,7,0
2023-03-12,STORE_01,PROD_023,Snacks,Norte,Durazno,1.79,5,8.95,0,37,31,3,0
2023-01-17,STORE_03,PROD_044,Lácteos,Norte,Durazno,3.73,8,29.84,0,85,76,3,0
2023-02-03,STORE_03,PROD_013,Panadería,Sur,Salto,1.38,1,1.38,0,81,81,7,0
2023-02-26,STORE_04,PROD_047,Bebidas,Sur,Montevideo,2.5,3,7.5,0,37,36,2,0
2023-01-25,STORE_01,PROD_046,Bebidas,Este,Montevideo,2.54,10,25.4,0,91,81,2,0
2023-03-04,STORE_05,PROD_045,Snacks,Este,Durazno,1.83,12,21.96,0,32,21,5,0
2023-03-30,STORE_01,PROD_004,Panadería,Sur,Salto,1.74,7,12.18,0,98,93,7,0
2023-01-05,STORE_02,PROD_018,Panadería,Oeste,Maldonado,1.75,11,19.25,1,67,53,2,0
2023-02-14,STORE_01,PROD_042,Lácteos,Este,Salto,3.6,4,14.4,0,72,70,5,0
2023-01-31,STORE_02,PROD_036,Snacks,Sur,Maldonado,1.89,8,15.12,0,49,39,2,0
2023-03-04,STORE_04,PROD_015,Panadería,Norte,Paysandú,1.43,5,7.15,0,69,66,7,0
2023-02-16,STORE_05,PROD_012,Lácteos,Este,Salto,3.45,4,13.8,0,45,39,3,0
2023-01-29,STORE_04,PROD_017,Limpieza,Norte,Montevideo,3.8,6,22.8,0,40,35,5,0
2023-03-25,STORE_03,PROD_005,Limpieza,Este,Montevideo,3.98,8,31.84,0,27,18,3,0
2023-02-19,STORE_04,PROD_007,Limpieza,Norte,Paysandú,3.64,7,25.48,1,21,13,7,0
2023-03-18,STORE_01,PROD_008,Panadería,Sur,Durazno,1.57,5,7.85,0,36,31,2,0
2023-02-15,STORE_04,PROD_020,Bebidas,Sur,Durazno,2.49,2,4.98,0,45,45,5,0
2023-03-07,STORE_02,PROD_046,Snacks,Sur,Durazno,1.64,7,11.48,0,91,82,7,0
2023-03-03,STORE_04,PROD_047,Limpieza,Este,Salto,4.67,6,28.02,0,31,26,2,0
2023-02-14,STORE_03,PROD_019,Lácteos,Norte,Maldonado,3.64,7,25.48,0,54,48,2,0
2023-02-23,STORE_01,PROD_007,Lácteos,Norte,Maldonado,3.58,4,14.32,0,68,63,7,0
2023-02-05,STORE_02,PROD_034,Lácteos,Sur,Durazno,3.64,9,32.76,0,33,26,3,0
2023-02-06,STORE_05,PROD_038,Panadería,Norte,Paysandú,1.53,5,7.65,0,54,50,2,0
2023-03-06,STORE_04,PROD_036,Panadería,Este,Salto,1.75,4,7.0,0,27,22,7,0
2023-01-01,STORE_01,PROD_020,Lácteos,Norte,Salto,3.59,7,25.13,0,56,49,3,0
2023-01-29,STORE_01,PROD_035,Panadería,Norte,Salto,1.49,3,4.47,0,69,67,2,0
2023-02-08,STORE_03,PROD_050,Lácteos,Sur,Paysandú,3.0,4,12.0,0,27,24,7,0
2023-01-05,STORE_02,PROD_001,Snacks,Este,Durazno,1.63,11,17.93,0,85,72,7,0
2023-03-11,STORE_01,PROD_033,Bebidas,Norte,Maldonado,2.84,11,31.24,0,34,20,7,0
2023-03-12,STORE_05,PROD_019,Lácteos,Norte,Montevideo,3.45,2,6.9,0,97,93,3,0
2023-02-15,STORE_01,PROD_003,Panadería,Sur,Durazno,1.57,7,10.99,0,62,56,2,0
2023-01-23,STORE_03,PROD_016,Panadería,Oeste,Montevideo,1.64,3,4.92,0,87,85,7,0
2023-01-27,STORE_05,PROD_047,Lácteos,Este,Durazno,3.47,3,10.41,0,93,91,5,0
2023-03-12,STORE_01,PROD_042,Panadería,Sur,Paysandú,1.54,8,12.32,0,61,50,3,0
2023-02-06,STORE_04,PROD_050,Limpieza,Oeste,Paysandú,4.41,7,30.87,1,56,48,7,0
2023-03-12,STORE_03,PROD_010,Bebidas,Sur,Maldonado,2.7,8,21.6,0,61,54,3,0
2023-02-05,STORE_05,PROD_033,Lácteos,Este,Montevideo,3.19,5,15.95,0,91,84,5,0
2023-02-13,STORE_05,PROD_003,Snacks,Este,Paysandú,1.98,5,9.9,0,50,42,5,0
2023-03-21,STORE_02,PROD_030,Bebidas,Este,Paysandú,2.51,7,17.57,0,49,43,7,0
2023-03-11,STORE_02,PROD_008,Bebidas,Norte,Paysandú,2.84,3,8.52,0,92,86,5,0
2023-03-08,STORE_04,PROD_023,Snacks,Oeste,Durazno,1.9,12,22.8,1,40,27,3,0
2023-01-02,STORE_03,PROD_018,Lácteos,Sur,Durazno,3.67,7,25.69,0,44,38,2,0
2023-01-08,STORE_05,PROD_034,Lácteos,Norte,Paysandú,2.96,6,17.76,0,21,15,5,0
2023-03-24,STORE_03,PROD_005,Limpieza,Sur,Durazno,3.85,5,19.25,0,47,44,3,0
2023-01-07,STORE_04,PROD_033,Lácteos,Oeste,Montevideo,3.1,9,27.9,0,24,17,5,0
2023-01-02,STORE_03,PROD_021,Panadería,Sur,Durazno,1.44,4,5.76,0,51,47,2,0
2023-03-01,STORE_03,PROD_021,Lácteos,Oeste,Maldonado,3.35,6,20.1,0,32,23,2,0
2023-03-05,STORE_01,PROD_009,Bebidas,Norte,Durazno,2.58,8,20.64,0,64,55,2,0
2023-02-01,STORE_04,PROD_001,Panadería,Oeste,Maldonado,1.37,3,4.11,0,39,37,7,0
2023-02-27,STORE_04,PROD_011,Lácteos,Este,Salto,3.51,4,14.04,0,57,53,2,0
2023-01-08,STORE_01,PROD_009,Snacks,Este,Durazno,1.63,5,8.15,0,21,18,2,0
2023-02-22,STORE_04,PROD_034,Limpieza,Sur,Montevideo,4.71,6,28.26,0,51,44,3,0
2023-01-21,STORE_03,PROD_032,Bebidas,Oeste,Montevideo,2.66,7,18.62,0,48,42,3,0
2023-01-02,STORE_05,PROD_021,Lácteos,Este,Durazno,3.08,9,27.72,0,27,16,3,0
2023-01-16,STORE_01,PROD_044,Panadería,Este,Montevideo,1.48,9,13.32,0,77,70,7,0
2023-03-22,STORE_01,PROD_034,Panadería,Norte,Paysandú,1.5,8,12.0,0,73,66,3,0
2023-02-07,STORE_04,PROD_045,Lácteos,Norte,Paysandú,3.37,3,10.11,0,43,38,3,0
2023-03-23,STORE_03,PROD_031,Lácteos,Oeste,Salto,3.36,5,16.8,0,67,63,7,0
2023-02-24,STORE_01,PROD_033,Snacks,Este,Paysandú,1.65,12,19.8,1,29,15,5,0
2023-03-18,STORE_03,PROD_049,Panadería,Sur,Montevideo,1.77,5,8.85,0,83,79,7,0
2023-03-11,STORE_02,PROD_004,Snacks,Este,Montevideo,2.04,5,10.2,0,43,38,3,0
2023-01-30,STORE_04,PROD_007,Limpieza,Este,Paysandú,4.54,5,22.7,1,76,72,7,0
2023-02-19,STORE_01,PROD_027,Snacks,Oeste,Salto,2.14,6,12.84,0,56,47,5,0
2023-03-30,STORE_05,PROD_012,Bebidas,Norte,Montevideo,2.27,5,11.35,0,47,40,5,0
2023-02-10,STORE_01,PROD_017,Snacks,Sur,Durazno,1.88,7,13.16,0,59,54,7,0
2023-02-28,STORE_02,PROD_035,Limpieza,Este,Montevideo,3.84,4,15.36,0,98,96,7,0
2023-01-14,STORE_03,PROD_041,Snacks,Oeste,Durazno,1.92,5,9.6,0,69,63,5,0
2023-03-10,STORE_03,PROD_011,Lácteos,Sur,Paysandú,3.64,8,29.12,0,22,15,5,0
2023-01-27,STORE_02,PROD_043,Bebidas,Oeste,Montevideo,2.28,8,18.24,0,20,13,5,0
2023-01-21,STORE_05,PROD_034,Lácteos,Oeste,Durazno,3.29,4,13.16,0,24,19,2,0
2023-01-09,STORE_04,PROD_038,Snacks,Sur,Salto,2.03,8,16.24,1,52,45,5,0
2023-02-21,STORE_02,PROD_041,Limpieza,Este,Durazno,4.5,7,31.5,0,85,77,7,0
2023-01-28,STORE_01,PROD_020,Lácteos,Norte,Salto,3.55,6,21.3,0,96,88,5,0
2023-01-06,STORE_03,PROD_027,Limpieza,Este,Durazno,4.14,6,24.84,0,33,25,3,0
2023-03-28,STORE_01,PROD_019,Limpieza,Este,Durazno,4.44,9,39.96,1,28,16,7,0
2023-02-21,STORE_01,PROD_014,Limpieza,Norte,Salto,3.87,5,19.35,0,74,70,3,0
2023-02-17,STORE_04,PROD_035,Limpieza,Oeste,Durazno,4.29,5,21.45,0,54,46,3,0
2023-03-29,STORE_01,PROD_008,Panadería,Este,Paysandú,1.76,3,5.28,0,40,36,3,0
2023-01-20,STORE_01,PROD_029,Limpieza,Oeste,Paysandú,3.73,7,26.11,0,44,35,2,0
2023-03-02,STORE_04,PROD_006,Snacks,Este,Salto,1.77,6,10.62,1,65,56,3,0
2023-01-08,STORE_03,PROD_020,Lácteos,Norte,Durazno,3.32,4,13.28,0,36,33,5,0
2023-02-28,STORE_01,PROD_039,Panadería,Oeste,Salto,1.37,6,8.22,0,80,71,2,0
2023-03-31,STORE_04,PROD_005,Bebidas,Este,Maldonado,2.87,6,17.22,0,59,53,2,0
2023-03-17,STORE_02,PROD_015,Bebidas,Este,Durazno,2.75,2,5.5,0,70,70,2,0
2023-02-08,STORE_04,PROD_003,Lácteos,Sur,Salto,3.59,7,25.13,0,81,71,5,0
2023-01-25,STORE_01,PROD_038,Lácteos,Norte,Salto,3.29,8,26.32,0,94,84,5,0
2023-02-26,STORE_04,PROD_033,Snacks,Oeste,Paysandú,1.85,6,11.1,0,30,21,2,0
2023-02-07,STORE_05,PROD_008,Snacks,Oeste,Paysandú,1.93,3,5.79,0,78,74,5,0
2023-02-14,STORE_04,PROD_026,Limpieza,Sur,Salto,4.07,3,12.21,0,56,51,7,0
2023-02-04,STORE_04,PROD_018,Lácteos,Norte,Montevideo,2.96,6,17.76,0,72,65,5,0
2023-02-20,STORE_03,PROD_042,Snacks,Oeste,Maldonado,1.73,6,10.38,0,32,24,5,0
2023-02-20,STORE_05,PROD_017,Limpieza,Oeste,Durazno,4.35,3,13.05,0,36,34,7,0
2023-01-19,STORE_03,PROD_034,Limpieza,Sur,Maldonado,4.15,5,20.75,0,89,81,5,0
2023-01-19,STORE_02,PROD_048,Lácteos,Oeste,Paysandú,3.71,4,14.84,0,94,87,5,0
2023-03-22,STORE_03,PROD_014,Limpieza,Sur,Paysandú,4.59,5,22.95,0,91,85,5,0
2023-02-07,STORE_03,PROD_005,Panadería,Este,Maldonado,1.77,5,8.85,0,99,94,3,0
2023-02-10,STORE_03,PROD_030,Bebidas,Sur,Salto,3.0,2,6.0,0,84,82,2,0
2023-02-06,STORE_01,PROD_015,Panadería,Norte,Maldonado,1.72,6,10.32,1,94,87,7,0
2023-01-03,STORE_04,PROD_013,Panadería,Oeste,Durazno,1.35,5,6.75,0,85,78,3,0
2023-01-13,STORE_04,PROD_034,Limpieza,Oeste,Salto,3.63,3,10.89,0,38,36,5,0
2023-02-26,STORE_01,PROD_022,Bebidas,Este,Durazno,2.69,7,18.83,0,27,18,7,0
2023-01-31,STORE_02,PROD_018,Snacks,Este,Salto,1.77,4,7.08,0,69,62,3,0
2023-03-10,STORE_04,PROD_029,Lácteos,Este,Montevideo,3.23,8,25.84,0,77,67,2,0
2023-02-02,STORE_04,PROD_027,Bebidas,Oeste,Durazno,2.35,3,7.05,0,87,81,3,0
2023-03-14,STORE_05,PROD_020,Limpieza,Este,Paysandú,4.8,5,24.0,0,90,82,2,0
2023-03-23,STORE_05,PROD_013,Lácteos,Este,Durazno,3.08,6,18.48,0,26,20,3,0
2023-01-03,STORE_04,PROD_006,Lácteos,Oeste,Maldonado,3.53,2,7.06,0,32,27,2,0
2023-02-23,STORE_02,PROD_044,Panadería,Sur,Maldonado,1.52,1,1.52,0,29,27,2,0
2023-01-03,STORE_01,PROD_012,Lácteos,Oeste,Maldonado,3.33,7,23.31,1,78,73,2,0
2023-02-03,STORE_05,PROD_006,Panadería,Norte,Montevideo,1.68,10,16.8,0,64,56,5,0
2023-01-04,STORE_03,PROD_029,Bebidas,Norte,Durazno,2.7,4,10.8,0,75,71,3,0
2023-03-16,STORE_04,PROD_022,Bebidas,Norte,Salto,2.79,7,19.53,0,94,86,2,0
2023-02-18,STORE_04,PROD_038,Lácteos,Norte,Montevideo,3.54,4,14.16,0,34,31,3,0
2023-01-21,STORE_05,PROD_006,Snacks,Sur,Durazno,1.72,9,15.48,0,87,77,7,0
2023-02-17,STORE_03,PROD_026,Bebidas,Oeste,Salto,2.59,2,5.18,1,48,45,2,0
2023-01-17,STORE_03,PROD_043,Panadería,Oeste,Durazno,1.79,9,16.11,0,56,45,7,0
2023-01-28,STORE_02,PROD_043,Panadería,Oeste,Durazno,1.49,6,8.94,1,46,38,5,0
2023-01-01,STORE_01,PROD_029,Bebidas,Este,Paysandú,2.32,6,13.92,0,84,76,2,0
2023-02-27,STORE_02,PROD_045,Lácteos,Oeste,Durazno,3.69,4,14.76,0,87,84,7,0
2023-01-11,STORE_03,PROD_021,Limpieza,Oeste,Durazno,4.61,9,41.49,0,38,31,7,0
2023-03-09,STORE_02,PROD_015,Limpieza,Norte,Montevideo,4.09,9,36.81,1,72,65,2,0
2023-02-26,STORE_05,PROD_006,Panadería,Norte,Durazno,1.44,2,2.88,0,87,85,7,0
2023-02-07,STORE_03,PROD_036,Bebidas,Norte,Maldonado,2.57,9,23.13,0,40,28,7,0
2023-02-28,STORE_02,PROD_010,Limpieza,Sur,Montevideo,3.92,6,23.52,0,82,73,5,0
2023-02-05,STORE_01,PROD_041,Snacks,Oeste,Salto,2.05,3,6.15,0,92,90,3,0
2023-01-06,STORE_04,PROD_003,Bebidas,Este,Montevideo,2.8,6,16.8,0,62,56,5,0
2023-03-19,STORE_02,PROD_033,Snacks,Norte,Paysandú,1.92,10,19.2,0,39,29,7,0
2023-01-23,STORE_02,PROD_022,Limpieza,Norte,Maldonado,3.69,6,22.14,0,31,27,2,0
2023-03-16,STORE_05,PROD_027,Lácteos,Norte,Montevideo,3.29,5,16.45,1,66,61,2,0
2023-01-13,STORE_04,PROD_007,Limpieza,Oeste,Maldonado,3.72,4,14.88,0,36,30,3,0
2023-02-27,STORE_05,PROD_028,Bebidas,Norte,Durazno,2.78,4,11.12,0,99,93,7,0
2023-01-24,STORE_02,PROD_038,Snacks,Este,Salto,1.66,5,8.3,1,86,83,5,0
2023-01-27,STORE_02,PROD_009,Bebidas,Oeste,Montevideo,2.64,0,0.0,0,87,84,5,0
2023-01-26,STORE_01,PROD_010,Panadería,Este,Salto,1.68,9,15.12,1,65,54,7,0
2023-02-01,STORE_01,PROD_010,Snacks,Este,Durazno,1.67,5,8.35,0,36,30,2,0
2023-02-10,STORE_02,PROD_050,Lácteos,Norte,Montevideo,3.67,3,11.01,0,62,57,7,0
2023-03-16,STORE_05,PROD_050,Limpieza,Sur,Durazno,4.32,5,21.6,0,65,59,3,0
2023-03-06,STORE_03,PROD_046,Limpieza,Sur,Durazno,4.11,5,20.55,0,78,74,3,0
2023-03-02,STORE_02,PROD_043,Limpieza,Oeste,Durazno,4.2,6,25.2,0,26,21,5,0
2023-02-23,STORE_04,PROD_028,Bebidas,Este,Salto,2.56,2,5.12,0,24,19,3,0
2023-01-21,STORE_02,PROD_007,Limpieza,Norte,Paysandú,4.14,8,33.12,1,24,16,3,0
2023-02-18,STORE_02,PROD_039,Bebidas,Norte,Maldonado,2.93,10,29.3,0,51,43,7,0
2023-01-23,STORE_05,PROD_017,Panadería,Sur,Maldonado,1.68,2,3.36,0,51,47,5,0
2023-03-19,STORE_02,PROD_010,Lácteos,Este,Paysandú,2.99,7,20.93,0,52,47,2,0
2023-01-19,STORE_03,PROD_010,Snacks,Norte,Maldonado,1.89,5,9.45,0,48,41,2,0
2023-03-12,STORE_05,PROD_005,Snacks,Norte,Salto,1.73,2,3.46,0,22,21,2,0
2023-02-01,STORE_02,PROD_016,Bebidas,Sur,Paysandú,2.77,4,11.08,0,90,88,2,0
2023-03-24,STORE_03,PROD_002,Bebidas,Norte,Salto,2.26,2,4.52,0,85,85,3,0
2023-03-17,STORE_01,PROD_040,Lácteos,Este,Paysandú,3.4,6,20.4,1,97,90,5,0
2023-03-03,STORE_04,PROD_011,Snacks,Este,Salto,2.12,5,10.6,0,67,59,7,0
2023-01-08,STORE_01,PROD_037,Panadería,Sur,Durazno,1.69,6,10.14,0,22,17,7,0
2023-03-31,STORE_04,PROD_042,Panadería,Norte,Durazno,1.49,9,13.41,0,21,10,7,0
2023-03-31,STORE_02,PROD_032,Bebidas,Oeste,Montevideo,2.45,11,26.95,1,95,81,7,0
2023-01-08,STORE_01,PROD_037,Panadería,Norte,Salto,1.72,7,12.04,0,27,19,2,0
2023-02-23,STORE_05,PROD_038,Limpieza,Oeste,Paysandú,3.99,4,15.96,0,32,25,5,0
2023-03-16,STORE_03,PROD_021,Limpieza,Sur,Salto,3.62,1,3.62,0,50,51,7,0
2023-02-18,STORE_04,PROD_032,Limpieza,Sur,Salto,4.73,5,23.65,0,44,39,7,0
2023-03-24,STORE_03,PROD_046,Snacks,Este,Paysandú,1.9,7,13.3,0,37,29,5,0
2023-02-23,STORE_02,PROD_023,Limpieza,Norte,Paysandú,4.2,6,25.2,0,95,91,3,0
2023-02-16,STORE_01,PROD_029,Snacks,Oeste,Durazno,2.04,8,16.32,0,85,77,3,0
2023-01-26,STORE_03,PROD_008,Lácteos,Oeste,Salto,2.93,6,17.58,0,64,57,5,0
2023-02-25,STORE_03,PROD_023,Bebidas,Este,Salto,2.27,9,20.43,1,30,19,3,0
2023-03-12,STORE_04,PROD_034,Limpieza,Oeste,Durazno,3.92,8,31.36,0,75,67,3,0
2023-02-08,STORE_04,PROD_049,Lácteos,Norte,Maldonado,2.94,4,11.76,0,41,35,5,0
2023-01-11,STORE_04,PROD_046,Panadería,Oeste,Durazno,1.58,4,6.32,0,76,70,2,0
2023-02-25,STORE_02,PROD_009,Panadería,Norte,Durazno,1.65,12,19.8,0,67,53,7,0
2023-02-24,STORE_04,PROD_025,Panadería,Norte,Montevideo,1.72,8,13.76,0,72,66,5,0
2023-01-28,STORE_03,PROD_045,Snacks,Oeste,Maldonado,1.93,9,17.37,0,50,43,2,0
2023-03-25,STORE_04,PROD_013,Panadería,Este,Durazno,1.71,6,10.26,0,65,58,3,0
2023-02-28,STORE_05,PROD_039,Panadería,Norte,Paysandú,1.69,7,11.83,0,40,30,7,0
2023-03-24,STORE_04,PROD_015,Bebidas,Oeste,Durazno,2.83,8,22.64,0,31,20,2,0
2023-03-19,STORE_01,PROD_008,Limpieza,Sur,Paysandú,4.06,8,32.48,1,83,74,3,0
2023-03-13,STORE_01,PROD_049,Limpieza,Este,Salto,3.95,3,11.85,0,25,21,7,0
2023-01-28,STORE_02,PROD_038,Panadería,Este,Paysandú,1.68,6,10.08,0,75,68,7,0
2023-01-01,STORE_02,PROD_018,Bebidas,Este,Paysandú,2.39,3,7.17,0,33,31,2,0
2023-02-03,STORE_03,PROD_024,Snacks,Norte,Durazno,1.97,2,3.94,0,46,41,5,0
2023-02-04,STORE_04,PROD_041,Panadería,Oeste,Durazno,1.67,11,18.37,1,34,21,3,0
2023-02-21,STORE_01,PROD_021,Bebidas,Sur,Maldonado,2.52,1,2.52,0,37,37,7,0
2023-03-27,STORE_03,PROD_040,Snacks,Sur,Montevideo,2.13,3,6.39,0,56,52,2,0
2023-03-10,STORE_01,PROD_048,Snacks,Norte,Paysandú,1.95,7,13.65,1,77,71,7,0
2023-02-03,STORE_04,PROD_025,Lácteos,Norte,Maldonado,3.47,8,27.76,0,32,21,3,0
2023-03-22,STORE_05,PROD_006,Limpieza,Sur,Maldonado,4.29,3,12.87,0,88,87,3,0
2023-02-18,STORE_01,PROD_034,Snacks,Este,Maldonado,1.79,8,14.32,0,54,43,5,0
2023-01-19,STORE_04,PROD_036,Limpieza,Oeste,Durazno,4.6,7,32.2,1,87,79,7,0
2023-01-16,STORE_04,PROD_045,Snacks,Oeste,Maldonado,2.0,5,10.0,0,76,70,3,0
2023-03-15,STORE_02,PROD_050,Panadería,Norte,Maldonado,1.53,2,3.06,0,75,71,2,0
2023-01-04,STORE_05,PROD_023,Snacks,Sur,Durazno,1.9,3,5.7,0,30,26,2,0
2023-01-04,STORE_04,PROD_017,Bebidas,Este,Maldonado,2.89,8,23.12,1,92,82,5,0
2023-02-16,STORE_05,PROD_047,Lácteos,Oeste,Montevideo,3.03,5,15.15,0,60,52,3,0
2023-02-17,STORE_02,PROD_010,Limpieza,Este,Salto,4.6,3,13.8,1,73,69,5,0
2023-01-16,STORE_01,PROD_018,Limpieza,Norte,Salto,4.3,3,12.9,0,96,93,5,0
2023-01-02,STORE_02,PROD_027,Limpieza,Este,Paysandú,4.11,8,32.88,1,35,29,3,0
2023-03-12,STORE_05,PROD_037,Panadería,Este,Paysandú,1.66,6,9.96,0,35,27,2,0
2023-02-23,STORE_04,PROD_030,Panadería,Este,Durazno,1.44,5,7.2,0,89,84,5,0
2023-03-20,STORE_01,PROD_020,Bebidas,Oeste,Paysandú,2.33,3,6.99,0,63,58,2,0
2023-02-11,STORE_01,PROD_042,Lácteos,Este,Durazno,3.64,9,32.76,0,50,40,7,0
2023-01-01,STORE_03,PROD_021,Lácteos,Este,Durazno,3.38,7,23.66,0,94,85,5,0
2023-03-16,STORE_05,PROD_003,Lácteos,Este,Durazno,3.73,1,3.73,1,57,56,2,0
2023-01-10,STORE_04,PROD_042,Bebidas,Norte,Montevideo,2.74,4,10.96,0,99,93,7,0
2023-03-31,STORE_01,PROD_002,Lácteos,Oeste,Montevideo,3.33,2,6.66,0,79,75,2,0
2023-02-20,STORE_04,PROD_036,Limpieza,Sur,Montevideo,4.76,5,23.8,0,37,34,3,0
2023-02-27,STORE_04,PROD_022,Lácteos,Norte,Paysandú,3.58,8,28.64,0,88,80,2,0
2023-03-19,STORE_04,PROD_016,Bebidas,Norte,Maldonado,2.51,7,17.57,0,50,42,2,0
2023-03-24,STORE_05,PROD_020,Limpieza,Norte,Montevideo,4.26,9,38.34,1,73,62,7,0
2023-01-20,STORE_03,PROD_001,Snacks,Norte,Montevideo,1.84,4,7.36,0,95,91,2,0
2023-01-20,STORE_01,PROD_039,Lácteos,Este,Salto,3.58,1,3.58,0,71,71,2,0
2023-03-27,STORE_03,PROD_019,Lácteos,Oeste,Durazno,3.38,7,23.66,0,30,21,3,0
2023-01-27,STORE_03,PROD_038,Snacks,Este,Salto,1.99,8,15.92,0,44,36,3,0
2023-01-12,STORE_03,PROD_037,Panadería,Oeste,Montevideo,1.79,12,21.48,1,55,45,3,0
2023-02-04,STORE_04,PROD_017,Limpieza,Oeste,Paysandú,4.08,10,40.8,0,29,16,5,0
2023-02-19,STORE_03,PROD_033,Bebidas,Oeste,Maldonado,2.76,4,11.04,0,27,24,7,0
2023-03-24,STORE_04,PROD_050,Lácteos,Este,Salto,3.42,5,17.1,1,67,64,3,0
2023-02-17,STORE_01,PROD_004,Limpieza,Sur,Paysandú,4.7,5,23.5,0,25,22,7,0
2023-03-13,STORE_03,PROD_037,Snacks,Este,Maldonado,1.63,7,11.41,1,21,14,5,0
2023-02-13,STORE_02,PROD_003,Limpieza,Sur,Paysandú,4.5,5,22.5,1,85,80,5,0
2023-01-06,STORE_02,PROD_025,Bebidas,Norte,Salto,2.97,5,14.85,0,88,81,2,0
2023-02-28,STORE_02,PROD_039,Snacks,Este,Maldonado,1.63,8,13.04,0,66,58,5,0
2023-03-26,STORE_03,PROD_045,Panadería,Este,Montevideo,1.6,2,3.2,1,63,58,3,0
2023-03-21,STORE_01,PROD_025,Snacks,Oeste,Montevideo,1.69,6,10.14,0,32,25,3,0
2023-01-28,STORE_02,PROD_028,Limpieza,Oeste,Salto,4.52,7,31.64,0,64,58,2,0
2023-01-25,STORE_04,PROD_018,Snacks,Sur,Durazno,1.92,3,5.76,0,94,90,5,0
2023-02-22,STORE_02,PROD_046,Panadería,Oeste,Montevideo,1.63,2,3.26,0,95,93,7,0
2023-03-01,STORE_03,PROD_033,Limpieza,Oeste,Salto,3.68,7,25.76,0,47,39,7,0
2023-02-14,STORE_04,PROD_022,Panadería,Sur,Maldonado,1.8,6,10.8,0,40,31,5,0
2023-01-23,STORE_03,PROD_045,Lácteos,Sur,Salto,3.67,3,11.01,0,76,74,3,0
2023-02-09,STORE_05,PROD_013,Bebidas,Este,Paysandú,2.45,3,7.35,0,25,21,2,0
2023-02-07,STORE_05,PROD_011,Snacks,Oeste,Salto,1.71,4,6.84,0,81,74,7,0
2023-01-25,STORE_05,PROD_049,Lácteos,Sur,Salto,3.44,6,20.64,0,99,93,7,0
2023-02-24,STORE_02,PROD_034,Bebidas,Norte,Maldonado,2.69,2,5.38,0,29,29,2,0
2023-01-18,STORE_04,PROD_024,Lácteos,Norte,Montevideo,3.46,5,17.3,0,88,84,7,0
2023-03-20,STORE_02,PROD_047,Snacks,Norte,Maldonado,1.63,3,4.89,0,28,27,2,0
2023-01-11,STORE_03,PROD_037,Panadería,Sur,Maldonado,1.44,3,4.32,0,75,72,5,0
2023-02-09,STORE_05,PROD_023,Panadería,Sur,Durazno,1.7,7,11.9,0,89,81,3,0
2023-03-23,STORE_03,PROD_020,Panadería,Este,Salto,1.35,9,12.15,0,68,56,7,0
2023-02-20,STORE_02,PROD_028,Lácteos,Este,Durazno,3.4,7,23.8,1,94,85,5,0
2023-01-28,STORE_03,PROD_011,Panadería,Sur,Salto,1.78,11,19.58,0,26,14,2,0
2023-03-21,STORE_04,PROD_023,Bebidas,Este,Salto,2.76,9,24.84,0,80,68,7,0
2023-01-24,STORE_04,PROD_023,Snacks,Sur,Durazno,1.65,8,13.2,1,32,21,3,0
2023-03-03,STORE_04,PROD_014,Bebidas,Norte,Durazno,2.38,1,2.38,0,44,45,3,0
2023-01-08,STORE_03,PROD_002,Bebidas,Norte,Montevideo,2.7,8,21.6,0,25,14,5,0
2023-03-30,STORE_05,PROD_005,Lácteos,Oeste,Salto,2.93,2,5.86,0,83,83,3,0
2023-02-03,STORE_05,PROD_038,Limpieza,Sur,Montevideo,4.47,6,26.82,1,79,75,3,0
2023-03-21,STORE_02,PROD_023,Snacks,Sur,Montevideo,1.83,12,21.96,1,84,72,3,0
2023-02-18,STORE_04,PROD_050,Limpieza,Norte,Maldonado,4.24,8,33.92,1,82,71,5,0
2023-03-01,STORE_03,PROD_030,Panadería,Sur,Salto,1.76,3,5.28,0,36,35,3,0
2023-03-28,STORE_01,PROD_015,Limpieza,Oeste,Salto,3.99,3,11.97,0,84,80,2,0
2023-01-21,STORE_05,PROD_016,Lácteos,Este,Maldonado,3.34,10,33.4,0,38,26,3,0
2023-02-19,STORE_05,PROD_017,Panadería,Oeste,Montevideo,1.64,7,11.48,0,98,91,2,0
2023-02-24,STORE_03,PROD_005,Panadería,Sur,Durazno,1.4,10,14.0,1,20,11,3,0
2023-02-21,STORE_02,PROD_007,Snacks,Sur,Paysandú,1.92,9,17.28,0,78,67,3,0
2023-01-02,STORE_04,PROD_050,Panadería,Este,Montevideo,1.66,4,6.64,0,57,50,2,0
2023-03-29,STORE_01,PROD_017,Panadería,Norte,Durazno,1.53,6,9.18,0,37,32,7,0
2023-03-15,STORE_05,PROD_017,Snacks,Sur,Paysandú,2.11,7,14.77,0,98,90,5,0
2023-01-19,STORE_02,PROD_026,Bebidas,Sur,Durazno,2.45,6,14.7,0,22,15,2,0
2023-02-24,STORE_02,PROD_035,Lácteos,Oeste,Maldonado,3.46,4,13.84,0,99,93,7,0
2023-01-29,STORE_04,PROD_006,Lácteos,Oeste,Montevideo,3.09,3,9.27,0,87,85,3,0
2023-03-16,STORE_02,PROD_014,Lácteos,Sur,Montevideo,3.74,4,14.96,0,59,53,3,0
2023-03-14,STORE_05,PROD_023,Bebidas,Sur,Paysandú,2.8,12,33.6,1,90,77,3,0
2023-03-25,STORE_03,PROD_043,Panadería,Oeste,Salto,1.66,11,18.26,0,33,20,7,0
2023-02-07,STORE_04,PROD_046,Snacks,Norte,Durazno,2.01,5,10.05,0,23,16,2,0
2023-01-19,STORE_02,PROD_012,Bebidas,Sur,Durazno,2.39,2,4.78,0,21,17,5,0
2023-02-22,STORE_04,PROD_010,Panadería,Oeste,Paysandú,1.39,7,9.73,0,20,11,3,0
2023-02-07,STORE_05,PROD_044,Lácteos,Sur,Durazno,2.93,3,8.79,0,89,87,2,0
2023-02-08,STORE_01,PROD_018,Lácteos,Norte,Paysandú,3.68,3,11.04,0,45,39,5,0
2023-01-23,STORE_02,PROD_040,Panadería,Este,Montevideo,1.73,3,5.19,0,37,36,3,0
2023-03-29,STORE_05,PROD_030,Lácteos,Norte,Durazno,3.27,9,29.43,1,31,20,2,0
2023-01-08,STORE_02,PROD_048,Panadería,Sur,Maldonado,1.49,10,14.9,0,42,34,7,0
2023-03-14,STORE_05,PROD_013,Panadería,Este,Durazno,1.67,6,10.02,0,89,80,7,0
2023-01-11,STORE_04,PROD_026,Panadería,Norte,Maldonado,1.55,8,12.4,0,63,55,3,0
2023-01-09,STORE_04,PROD_005,Lácteos,Sur,Paysandú,3.68,11,40.48,0,34,25,5,0
2023-01-05,STORE_05,PROD_019,Limpieza,Sur,Paysandú,4.75,7,33.25,1,97,90,2,0
2023-02-10,STORE_05,PROD_050,Lácteos,Sur,Paysandú,3.1,7,21.7,0,81,76,5,0
2023-01-22,STORE_04,PROD_049,Limpieza,Norte,Paysandú,4.21,7,29.47,0,99,89,5,0
2023-03-18,STORE_03,PROD_004,Lácteos,Sur,Paysandú,3.61,7,25.27,0,98,91,7,0
2023-02-06,STORE_05,PROD_015,Bebidas,Sur,Maldonado,2.89,3,8.67,0,63,57,7,0
2023-03-09,STORE_03,PROD_034,Snacks,Norte,Durazno,1.87,2,3.74,0,79,76,2,0
2023-01-08,STORE_01,PROD_028,Bebidas,Este,Maldonado,2.82,2,5.64,0,59,59,5,0
2023-03-04,STORE_03,PROD_036,Snacks,Norte,Maldonado,2.03,15,30.45,1,84,70,5,0
2023-02-11,STORE_05,PROD_035,Bebidas,Oeste,Salto,2.8,1,2.8,0,75,76,5,0
2023-03-18,STORE_01,PROD_023,Bebidas,Norte,Maldonado,2.86,11,31.46,1,64,53,3,0
2023-01-25,STORE_05,PROD_030,Lácteos,Oeste,Maldonado,3.1,7,21.7,0,98,91,2,0
2023-01-15,STORE_04,PROD_024,Lácteos,Norte,Salto,3.43,4,13.72,0,81,77,3,0
2023-01-18,STORE_03,PROD_028,Snacks,Este,Montevideo,1.93,9,17.37,1,49,40,5,0
2023-03-25,STORE_01,PROD_028,Lácteos,Sur,Salto,3.05,3,9.15,0,26,20,5,0
2023-01-12,STORE_02,PROD_005,Lácteos,Sur,Durazno,3.18,9,28.62,1,64,53,5,0
2023-02-03,STORE_04,PROD_015,Snacks,Norte,Durazno,1.79,4,7.16,1,85,81,3,0
2023-03-29,STORE_01,PROD_006,Limpieza,Norte,Durazno,3.61,5,18.05,0,67,64,5,0
2023-02-25,STORE_04,PROD_025,Panadería,Oeste,Maldonado,1.51,4,6.04,0,62,57,3,0
2023-01-22,STORE_03,PROD_003,Limpieza,Oeste,Durazno,4.78,7,33.46,1,24,15,5,0
2023-03-12,STORE_05,PROD_010,Snacks,Oeste,Durazno,1.86,7,13.02,0,64,56,3,0
2023-01-23,STORE_03,PROD_046,Snacks,Oeste,Paysandú,1.68,5,8.4,0,57,54,2,0
2023-02-06,STORE_03,PROD_031,Snacks,Este,Durazno,1.85,7,12.95,1,64,57,7,0
2023-03-02,STORE_03,PROD_030,Snacks,Norte,Salto,1.74,7,12.18,0,83,77,3,0
2023-02-20,STORE_04,PROD_003,Panadería,Oeste,Salto,1.36,8,10.88,0,50,42,5,0
2023-01-01,STORE_01,PROD_043,Lácteos,Este,Salto,2.97,15,44.55,0,45,31,3,0
2023-01-15,STORE_03,PROD_016,Bebidas,Oeste,Maldonado,2.35,11,25.85,0,91,79,3,0
2023-03-04,STORE_05,PROD_020,Snacks,Sur,Durazno,1.8,5,9.0,0,42,34,7,0
2023-03-21,STORE_04,PROD_048,Panadería,Norte,Montevideo,1.51,2,3.02,0,62,60,7,0
2023-03-13,STORE_05,PROD_005,Snacks,Este,Durazno,1.81,6,10.86,0,86,82,2,0
2023-02-27,STORE_05,PROD_002,Snacks,Sur,Durazno,2.07,6,12.42,0,22,18,5,0
2023-03-16,STORE_04,PROD_045,Snacks,Norte,Montevideo,1.63,11,17.93,1,94,81,3,0
2023-02-10,STORE_02,PROD_050,Limpieza,Este,Salto,3.91,7,27.37,1,79,71,7,0
2023-01-30,STORE_04,PROD_025,Snacks,Este,Montevideo,1.68,5,8.4,0,69,61,3,0
2023-01-22,STORE_02,PROD_021,Lácteos,Oeste,Paysandú,3.48,11,38.28,0,21,9,2,0
2023-03-24,STORE_03,PROD_037,Snacks,Oeste,Paysandú,1.96,8,15.68,0,37,26,3,0
2023-02-26,STORE_05,PROD_050,Bebidas,Este,Durazno,2.27,6,13.62,0,64,56,3,0
2023-02-27,STORE_04,PROD_048,Bebidas,Norte,Maldonado,2.45,8,19.6,0,49,39,7,0
2023-01-29,STORE_03,PROD_026,Bebidas,Norte,Montevideo,2.51,11,27.61,1,63,50,7,0
2023-02-25,STORE_03,PROD_025,Snacks,Norte,Salto,2.16,9,19.44,0,65,56,3,0
2023-02-22,STORE_03,PROD_030,Snacks,Este,Maldonado,1.79,6,10.74,0,46,38,5,0
2023-03-03,STORE_03,PROD_050,Snacks,Norte,Paysandú,2.01,5,10.05,0,88,80,3,0
2023-01-05,STORE_05,PROD_028,Bebidas,Este,Montevideo,2.62,10,26.2,0,91,81,3,0
2023-01-17,STORE_05,PROD_006,Snacks,Este,Paysandú,1.96,2,3.92,0,32,31,2,0
2023-01-10,STORE_05,PROD_009,Lácteos,Sur,Montevideo,3.77,5,18.85,0,38,32,3,0
2023-03-14,STORE_04,PROD_012,Panadería,Este,Salto,1.48,1,1.48,0,48,45,7,0
2023-03-18,STORE_01,PROD_002,Panadería,Norte,Salto,1.59,8,12.72,1,85,79,5,0
2023-01-26,STORE_05,PROD_003,Snacks,Sur,Montevideo,1.64,4,6.56,0,46,40,5,0
2023-03-11,STORE_04,PROD_036,Lácteos,Norte,Montevideo,3.75,9,33.75,0,52,45,3,0
2023-02-06,STORE_03,PROD_028,Lácteos,Este,Salto,3.02,4,12.08,0,64,61,2,0
2023-01-20,STORE_05,PROD_038,Lácteos,Sur,Montevideo,3.36,5,16.8,0,44,36,5,0
2023-02-04,STORE_04,PROD_030,Panadería,Sur,Maldonado,1.36,9,12.24,0,65,58,7,0
2023-02-16,STORE_04,PROD_009,Snacks,Este,Durazno,1.96,6,11.76,0,26,20,3,0
2023-03-10,STORE_04,PROD_016,Limpieza,Oeste,Durazno,4.44,7,31.08,0,38,32,5,0
2023-02-25,STORE_05,PROD_018,Bebidas,Este,Durazno,2.69,14,37.66,1,54,37,2,0
2023-02-19,STORE_03,PROD_036,Bebidas,Oeste,Montevideo,2.62,8,20.96,0,45,34,3,0
2023-02-23,STORE_02,PROD_031,Limpieza,Este,Maldonado,3.75,5,18.75,0,51,46,3,0
2023-01-18,STORE_05,PROD_026,Bebidas,Oeste,Salto,2.99,2,5.98,0,82,79,5,0
2023-02-18,STORE_04,PROD_030,Limpieza,Oeste,Salto,4.05,2,8.1,0,23,23,3,0
2023-02-07,STORE_03,PROD_026,Limpieza,Este,Paysandú,4.03,8,32.24,0,72,66,7,0
2023-01-28,STORE_03,PROD_039,Bebidas,Norte,Durazno,2.79,5,13.95,0,28,20,5,0
2023-02-04,STORE_05,PROD_021,Snacks,Sur,Montevideo,1.87,6,11.22,0,48,39,7,0
2023-01-07,STORE_04,PROD_014,Lácteos,Sur,Montevideo,2.9,2,5.8,0,53,50,3,0
2023-01-24,STORE_01,PROD_018,Lácteos,Oeste,Montevideo,3.8,0,0.0,0,53,52,3,0
2023-02-04,STORE_04,PROD_029,Snacks,Oeste,Salto,1.8,4,7.2,0,68,62,3,0
2023-03-13,STORE_02,PROD_037,Snacks,Este,Paysandú,2.06,3,6.18,0,44,43,7,0
2023-03-10,STORE_03,PROD_044,Snacks,Sur,Paysandú,1.71,4,6.84,0,38,32,2,0
2023-02-17,STORE_03,PROD_018,Bebidas,Oeste,Maldonado,2.85,3,8.55,0,93,90,5,0
2023-01-19,STORE_04,PROD_021,Limpieza,Este,Montevideo,4.66,4,18.64,0,25,20,5,0
2023-02-09,STORE_04,PROD_029,Limpieza,Sur,Durazno,4.71,6,28.26,0,38,31,2,0
2023-02-02,STORE_05,PROD_017,Bebidas,Sur,Durazno,2.48,8,19.84,0,67,58,5,0
2023-02-18,STORE_05,PROD_027,Lácteos,Oeste,Durazno,3.38,11,37.18,1,65,52,2,0
2023-03-08,STORE_03,PROD_012,Snacks,Norte,Montevideo,1.64,5,8.2,0,23,19,3,0
2023-01-12,STORE_03,PROD_013,Lácteos,Este,Salto,3.65,9,32.85,1,92,80,3,0
2023-03-18,STORE_04,PROD_025,Lácteos,Norte,Durazno,3.33,9,29.97,0,50,42,7,0
2023-02-23,STORE_05,PROD_013,Lácteos,Este,Montevideo,3.5,14,49.0,1,83,68,3,0
2023-01-20,STORE_01,PROD_016,Limpieza,Oeste,Maldonado,3.96,3,11.88,0,58,53,7,0
2023-01-12,STORE_01,PROD_039,Snacks,Este,Durazno,2.1,4,8.4,0,50,45,3,0
2023-02-25,STORE_01,PROD_012,Panadería,Oeste,Salto,1.65,10,16.5,0,63,51,3,0
2023-03-12,STORE_02,PROD_049,Bebidas,Norte,Salto,2.42,14,33.88,0,36,24,7,0
2023-03-26,STORE_03,PROD_003,Snacks,Norte,Salto,1.84,7,12.88,1,40,34,7,0
2023-01-24,STORE_01,PROD_007,Snacks,Norte,Maldonado,1.73,1,1.73,0,31,29,5,0
2023-03-09,STORE_04,PROD_028,Bebidas,Norte,Salto,2.76,8,22.08,0,87,78,2,0
2023-03-07,STORE_05,PROD_016,Panadería,Norte,Montevideo,1.68,3,5.04,0,94,93,2,0
2023-01-26,STORE_01,PROD_039,Limpieza,Sur,Salto,4.67,6,28.02,0,84,77,3,0
2023-01-18,STORE_02,PROD_028,Limpieza,Norte,Montevideo,4.23,1,4.23,0,97,95,2,0
2023-02-24,STORE_05,PROD_036,Panadería,Sur,Maldonado,1.62,4,6.48,0,45,41,2,0
2023-01-14,STORE_04,PROD_017,Panadería,Sur,Paysandú,1.52,13,19.76,1,82,71,7,0
2023-01-28,STORE_04,PROD_029,Limpieza,Norte,Montevideo,4.26,13,55.38,1,91,77,7,0
2023-02-17,STORE_05,PROD_006,Limpieza,Sur,Montevideo,4.58,7,32.06,0,77,67,7,0
2023-01-31,STORE_05,PROD_041,Snacks,Oeste,Durazno,2.03,8,16.24,0,37,27,7,0
2023-03-29,STORE_02,PROD_040,Lácteos,Sur,Salto,3.12,4,12.48,0,39,36,5,0
2023-01-21,STORE_04,PROD_012,Lácteos,Sur,Montevideo,3.01,6,18.06,0,99,95,3,0
2023-03-06,STORE_01,PROD_011,Limpieza,Este,Salto,4.22,6,25.32,0,61,57,7,0
2023-02-01,STORE_02,PROD_032,Snacks,Este,Montevideo,1.81,10,18.1,1,41,29,7,0
2023-02-12,STORE_01,PROD_006,Limpieza,Oeste,Maldonado,4.31,8,34.48,1,93,85,2,0
2023-01-04,STORE_05,PROD_025,Panadería,Sur,Maldonado,1.46,7,10.22,1,76,70,2,0
2023-01-22,STORE_01,PROD_023,Lácteos,Norte,Salto,3.68,8,29.44,0,98,88,7,0
2023-02-17,STORE_05,PROD_028,Lácteos,Sur,Paysandú,3.29,4,13.16,0,58,55,2,0
2023-01-15,STORE_04,PROD_020,Snacks,Este,Montevideo,2.13,8,17.04,1,32,26,5,0
2023-01-28,STORE_02,PROD_032,Limpieza,Norte,Salto,4.55,15,68.25,1,21,8,3,0
2023-02-01,STORE_02,PROD_016,Lácteos,Norte,Maldonado,3.16,9,28.44,1,45,38,2,0
2023-01-31,STORE_02,PROD_004,Panadería,Norte,Paysandú,1.45,7,10.15,1,41,31,5,0
2023-01-31,STORE_02,PROD_042,Bebidas,Oeste,Maldonado,2.49,4,9.96,0,91,86,2,0
2023-03-07,STORE_02,PROD_028,Panadería,Norte,Montevideo,1.44,5,7.2,0,85,79,2,0
2023-02-10,STORE_03,PROD_029,Snacks,Oeste,Durazno,1.88,7,13.16,0,36,31,5,0
2023-01-09,STORE_05,PROD_012,Panadería,Oeste,Salto,1.77,7,12.39,0,71,64,7,0
2023-03-09,STORE_03,PROD_013,Panadería,Norte,Paysandú,1.64,4,6.56,0,96,93,3,0
2023-01-28,STORE_05,PROD_002,Snacks,Sur,Maldonado,2.06,9,18.54,1,31,22,7,0
2023-03-19,STORE_03,PROD_049,Limpieza,Norte,Salto,3.98,13,51.74,1,76,62,3,0
2023-01-22,STORE_04,PROD_033,Bebidas,Sur,Montevideo,2.88,5,14.4,0,73,70,7,0
2023-03-23,STORE_01,PROD_018,Limpieza,Sur,Montevideo,4.59,7,32.13,0,49,42,2,0
2023-01-03,STORE_01,PROD_041,Snacks,Sur,Salto,2.09,7,14.63,0,98,90,7,0
2023-03-09,STORE_01,PROD_024,Lácteos,Este,Montevideo,3.15,8,25.2,0,83,72,3,0
2023-02-19,STORE_01,PROD_035,Lácteos,Oeste,Montevideo,3.64,8,29.12,0,35,25,5,0
2023-02-13,STORE_05,PROD_024,Limpieza,Oeste,Durazno,3.89,5,19.45,1,82,74,2,0
2023-03-31,STORE_01,PROD_039,Lácteos,Este,Maldonado,3.34,3,10.02,0,60,56,7,0
2023-03-14,STORE_04,PROD_028,Bebidas,Norte,Paysandú,2.48,8,19.84,0,26,16,2,0
2023-01-10,STORE_02,PROD_048,Panadería,Este,Paysandú,1.67,8,13.36,1,63,57,7,0
2023-02-20,STORE_02,PROD_026,Bebidas,Oeste,Montevideo,2.61,5,13.05,0,76,72,2,0
2023-01-31,STORE_01,PROD_013,Snacks,Este,Salto,1.69,7,11.83,0,47,41,3,0
2023-03-05,STORE_03,PROD_043,Lácteos,Norte,Maldonado,3.59,11,39.49,0,43,30,2,0
2023-01-28,STORE_02,PROD_044,Lácteos,Sur,Maldonado,3.1,10,31.0,0,22,12,2,0
2023-02-06,STORE_03,PROD_015,Snacks,Este,Durazno,2.09,9,18.81,0,25,18,2,0
2023-01-27,STORE_03,PROD_005,Bebidas,Norte,Paysandú,2.26,8,18.08,0,62,51,2,0
2023-01-10,STORE_01,PROD_031,Lácteos,Oeste,Montevideo,3.47,6,20.82,1,58,50,2,0
2023-01-04,STORE_05,PROD_001,Limpieza,Sur,Salto,3.98,1,3.98,0,40,40,2,0
2023-01-11,STORE_03,PROD_006,Bebidas,Sur,Maldonado,2.5,1,2.5,0,97,94,2,0
2023-02-27,STORE_04,PROD_032,Snacks,Oeste,Durazno,1.85,7,12.95,1,49,39,2,0
2023-02-17,STORE_01,PROD_047,Bebidas,Oeste,Maldonado,2.97,5,14.85,0,69,62,2,0
2023-02-25,STORE_01,PROD_046,Lácteos,Norte,Montevideo,3.52,6,21.12,0,39,35,7,0
2023-03-05,STORE_02,PROD_001,Bebidas,Sur,Paysandú,2.65,5,13.25,0,51,43,5,0
2023-02-22,STORE_05,PROD_046,Panadería,Sur,Paysandú,1.47,7,10.29,0,41,35,5,0
2023-01-27,STORE_05,PROD_046,Bebidas,Este,Paysandú,2.37,5,11.85,1,63,58,5,0
2023-02-06,STORE_02,PROD_017,Panadería,Norte,Montevideo,1.61,5,8.05,0,86,83,7,0
2023-01-13,STORE_03,PROD_007,Bebidas,Este,Maldonado,2.63,5,13.15,0,26,22,7,0
2023-02-16,STORE_04,PROD_043,Limpieza,Norte,Salto,3.62,4,14.48,0,78,74,5,0
2023-02-27,STORE_01,PROD_017,Snacks,Oeste,Maldonado,1.76,7,12.32,1,72,65,5,0
2023-02-22,STORE_04,PROD_015,Bebidas,Oeste,Salto,2.29,7,16.03,1,80,74,3,0
2023-03-31,STORE_04,PROD_049,Snacks,Este,Montevideo,1.8,4,7.2,0,60,54,5,0
2023-02-07,STORE_03,PROD_041,Panadería,Este,Paysandú,1.79,11,19.69,1,50,36,7,0
2023-02-15,STORE_01,PROD_013,Lácteos,Sur,Durazno,3.4,1,3.4,0,68,67,5,0
2023-03-28,STORE_05,PROD_032,Panadería,Norte,Durazno,1.54,7,10.78,1,88,78,7,0
2023-03-13,STORE_04,PROD_004,Snacks,Norte,Montevideo,1.77,5,8.85,0,35,31,2,0
2023-03-31,STORE_02,PROD_031,Lácteos,Sur,Paysandú,3.6,10,36.0,0,40,29,2,0
2023-02-16,STORE_03,PROD_033,Panadería,Este,Paysandú,1.72,10,17.2,1,75,65,7,0
2023-01-08,STORE_01,PROD_031,Panadería,Norte,Montevideo,1.43,10,14.3,0,38,28,7,0
2023-02-25,STORE_01,PROD_010,Lácteos,Este,Paysandú,3.57,8,28.56,1,25,14,5,0
2023-01-05,STORE_03,PROD_016,Snacks,Norte,Durazno,2.1,13,27.3,1,51,40,3,0
2023-01-16,STORE_04,PROD_029,Lácteos,Norte,Maldonado,3.81,8,30.48,0,58,49,7,0
2023-02-14,STORE_01,PROD_034,Limpieza,Norte,Salto,3.65,2,7.3,0,96,91,3,0
2023-02-24,STORE_05,PROD_022,Bebidas,Este,Paysandú,2.61,4,10.44,0,84,77,7,0
2023-01-04,STORE_05,PROD_013,Panadería,Norte,Salto,1.73,4,6.92,0,85,79,7,0
2023-02-06,STORE_05,PROD_013,Panadería,Este,Salto,1.79,5,8.95,0,54,48,2,0
2023-01-30,STORE_02,PROD_011,Limpieza,Norte,Paysandú,3.97,8,31.76,1,52,45,2,0
2023-03-19,STORE_03,PROD_023,Lácteos,Este,Paysandú,3.21,4,12.84,0,93,90,5,0
2023-01-27,STORE_02,PROD_002,Panadería,Norte,Maldonado,1.37,4,5.48,0,74,69,2,0
2023-02-24,STORE_03,PROD_043,Lácteos,Oeste,Paysandú,3.8,6,22.8,0,63,58,7,0
2023-03-31,STORE_03,PROD_032,Snacks,Norte,Durazno,1.71,4,6.84,0,57,50,3,0
2023-03-02,STORE_01,PROD_018,Snacks,Oeste,Maldonado,1.83,4,7.32,0,66,64,3,0
2023-01-29,STORE_01,PROD_029,Panadería,Sur,Salto,1.36,5,6.8,0,59,56,5,0
2023-03-24,STORE_05,PROD_021,Bebidas,Este,Salto,2.45,10,24.5,1,88,79,5,0
2023-01-30,STORE_02,PROD_044,Limpieza,Este,Durazno,3.87,3,11.61,0,21,15,5,0
2023-03-02,STORE_03,PROD_043,Snacks,Norte,Durazno,1.84,5,9.2,0,51,46,3,0
2023-01-04,STORE_05,PROD_047,Bebidas,Este,Maldonado,2.93,8,23.44,1,64,56,2,0
2023-02-11,STORE_01,PROD_007,Lácteos,Oeste,Salto,3.36,3,10.08,0,99,94,2,0
2023-02-25,STORE_04,PROD_006,Lácteos,Oeste,Paysandú,3.07,2,6.14,0,60,57,2,0
2023-03-07,STORE_05,PROD_050,Lácteos,Sur,Paysandú,3.25,6,19.5,0,37,32,7,0
2023-03-03,STORE_01,PROD_041,Limpieza,Este,Salto,4.13,7,28.91,0,96,89,2,0
2023-03-29,STORE_01,PROD_023,Lácteos,Este,Salto,3.52,7,24.64,0,90,83,5,0
2023-02-01,STORE_04,PROD_017,Lácteos,Este,Montevideo,2.98,2,5.96,0,98,98,2,0
2023-02-24,STORE_03,PROD_013,Panadería,Norte,Durazno,1.64,7,11.48,0,45,40,5,0
2023-03-21,STORE_02,PROD_031,Lácteos,Este,Salto,2.92,5,14.6,1,45,39,3,0
2023-02-06,STORE_03,PROD_030,Limpieza,Norte,Salto,4.69,6,28.14,0,46,40,7,0
2023-01-10,STORE_05,PROD_029,Limpieza,Norte,Maldonado,3.76,9,33.84,0,30,22,2,0
2023-01-26,STORE_01,PROD_023,Lácteos,Oeste,Paysandú,3.13,4,12.52,0,91,85,3,0
2023-01-31,STORE_02,PROD_044,Panadería,Sur,Durazno,1.46,4,5.84,0,91,89,5,0
2023-03-23,STORE_03,PROD_042,Bebidas,Norte,Montevideo,2.85,6,17.1,0,34,27,7,0
2023-02-02,STORE_05,PROD_047,Limpieza,Norte,Paysandú,3.77,6,22.62,0,58,52,7,0
2023-01-04,STORE_03,PROD_021,Panadería,Oeste,Montevideo,1.35,3,4.05,0,52,47,3,0
2023-03-04,STORE_01,PROD_022,Snacks,Sur,Paysandú,1.94,3,5.82,0,99,96,7,0
2023-02-20,STORE_01,PROD_031,Snacks,Oeste,Paysandú,1.75,3,5.25,0,22,19,3,0
2023-03-01,STORE_01,PROD_043,Snacks,Sur,Paysandú,1.83,7,12.81,0,62,53,2,0
2023-01-22,STORE_04,PROD_019,Snacks,Este,Montevideo,1.75,5,8.75,0,64,58,3,0
2023-03-02,STORE_04,PROD_034,Bebidas,Oeste,Durazno,2.67,5,13.35,0,99,92,2,0
2023-03-02,STORE_03,PROD_010,Bebidas,Norte,Durazno,2.34,6,14.04,0,70,64,5,0
2023-03-15,STORE_02,PROD_036,Limpieza,Sur,Salto,4.76,4,19.04,0,38,36,5,0
2023-02-28,STORE_01,PROD_004,Lácteos,Sur,Durazno,3.35,4,13.4,0,44,37,5,0
2023-03-24,STORE_05,PROD_010,Lácteos,Norte,Montevideo,3.78,5,18.9,0,99,95,2,0
2023-02-01,STORE_03,PROD_032,Limpieza,Este,Montevideo,4.72,3,14.16,0,53,48,7,0
2023-03-25,STORE_05,PROD_029,Lácteos,Oeste,Montevideo,3.23,8,25.84,0,78,69,5,0
2023-03-27,STORE_03,PROD_006,Lácteos,Este,Maldonado,3.39,4,13.56,0,37,32,2,0
2023-02-25,STORE_02,PROD_013,Panadería,Este,Maldonado,1.65,8,13.2,0,27,20,7,0
2023-01-31,STORE_03,PROD_012,Lácteos,Este,Durazno,3.51,4,14.04,0,93,90,2,0
2023-02-17,STORE_02,PROD_019,Bebidas,Norte,Maldonado,2.27,6,13.62,0,32,26,5,0
2023-03-26,STORE_02,PROD_020,Snacks,Oeste,Paysandú,1.67,7,11.69,0,24,17,2,0
2023-02-13,STORE_03,PROD_019,Limpieza,Este,Durazno,4.78,5,23.9,0,82,76,7,0
2023-03-30,STORE_01,PROD_046,Panadería,Sur,Maldonado,1.72,11,18.92,0,76,63,5,0
2023-02-17,STORE_04,PROD_045,Limpieza,Oeste,Durazno,4.76,4,19.04,0,62,58,2,0
2023-03-15,STORE_01,PROD_012,Limpieza,Este,Montevideo,4.24,3,12.72,0,25,23,2,0
2023-01-04,STORE_02,PROD_028,Bebidas,Oeste,Montevideo,2.71,5,13.55,0,61,55,5,0
2023-01-24,STORE_03,PROD_039,Limpieza,Sur,Maldonado,3.8,6,22.8,0,26,21,3,0
2023-01-24,STORE_03,PROD_019,Lácteos,Este,Montevideo,2.94,6,17.64,0,33,28,7,0
2023-01-06,STORE_05,PROD_018,Lácteos,Sur,Salto,3.31,7,23.17,1,33,26,7,0
2023-01-26,STORE_03,PROD_036,Limpieza,Este,Maldonado,3.6,5,18.0,1,98,95,5,0
2023-02-14,STORE_01,PROD_028,Bebidas,Sur,Maldonado,2.69,9,24.21,0,77,67,7,0
2023-01-16,STORE_05,PROD_023,Panadería,Este,Montevideo,1.59,5,7.95,0,63,56,7,0
2023-01-12,STORE_04,PROD_045,Limpieza,Norte,Durazno,4.23,3,12.69,0,43,40,2,0
2023-02-13,STORE_05,PROD_007,Panadería,Norte,Durazno,1.43,8,11.44,1,98,92,7,0
2023-03-15,STORE_05,PROD_006,Panadería,Norte,Maldonado,1.51,8,12.08,1,96,87,7,0
2023-03-03,STORE_05,PROD_037,Snacks,Sur,Montevideo,1.91,5,9.55,0,61,56,2,0
2023-01-14,STORE_04,PROD_020,Snacks,Oeste,Montevideo,1.94,8,15.52,0,68,61,5,0
2023-01-14,STORE_02,PROD_044,Snacks,Este,Paysandú,2.04,13,26.52,1,62,50,3,0
2023-03-10,STORE_01,PROD_020,Lácteos,Sur,Durazno,3.62,13,47.06,1,84,70,5,0
2023-01-26,STORE_05,PROD_031,Snacks,Este,Durazno,2.09,3,6.27,0,66,64,2,0
2023-01-01,STORE_02,PROD_019,Lácteos,Sur,Salto,3.37,10,33.7,0,52,44,7,0
2023-02-04,STORE_03,PROD_003,Limpieza,Sur,Salto,4.33,6,25.98,0,79,71,7,0
2023-01-21,STORE_03,PROD_044,Limpieza,Sur,Paysandú,4.2,10,42.0,0,48,36,3,0
2023-03-24,STORE_04,PROD_026,Snacks,Este,Paysandú,1.91,4,7.64,0,39,36,2,0
2023-02-12,STORE_03,PROD_048,Bebidas,Sur,Durazno,2.69,4,10.76,0,47,41,3,0
2023-03-22,STORE_02,PROD_003,Lácteos,Oeste,Paysandú,3.28,9,29.52,0,79,68,3,0
2023-02-17,STORE_05,PROD_035,Snacks,Este,Montevideo,1.64,11,18.04,0,91,78,7,0
2023-03-13,STORE_04,PROD_008,Bebidas,Este,Paysandú,2.59,3,7.77,0,34,29,2,0
2023-03-17,STORE_01,PROD_036,Limpieza,Norte,Salto,4.72,6,28.32,0,82,73,3,0
2023-02-17,STORE_05,PROD_030,Lácteos,Este,Montevideo,3.12,1,3.12,0,65,61,2,0
2023-02-16,STORE_05,PROD_031,Limpieza,Sur,Paysandú,4.24,4,16.96,0,71,67,3,0
2023-02-22,STORE_05,PROD_029,Limpieza,Este,Maldonado,3.74,5,18.7,0,39,32,7,0
2023-03-23,STORE_01,PROD_029,Panadería,Este,Paysandú,1.47,6,8.82,0,64,57,3,0
2023-03-19,STORE_04,PROD_033,Bebidas,Oeste,Paysandú,2.69,4,10.76,0,73,71,3,0
2023-03-21,STORE_03,PROD_032,Panadería,Norte,Montevideo,1.61,1,1.61,0,37,37,5,0
2023-03-05,STORE_05,PROD_040,Panadería,Norte,Montevideo,1.61,8,12.88,1,28,20,3,0
2023-02-15,STORE_05,PROD_019,Lácteos,Sur,Montevideo,3.32,10,33.2,0,24,13,3,0
2023-02-28,STORE_03,PROD_047,Snacks,Este,Maldonado,2.06,5,10.3,1,23,18,3,0
2023-02-03,STORE_03,PROD_031,Lácteos,Este,Paysandú,3.01,7,21.07,0,97,92,2,0
2023-01-08,STORE_04,PROD_041,Snacks,Sur,Durazno,1.73,6,10.38,0,78,73,2,0
2023-01-16,STORE_01,PROD_038,Limpieza,Norte,Durazno,4.31,4,17.24,0,82,80,7,0
2023-02-19,STORE_04,PROD_040,Panadería,Oeste,Montevideo,1.49,10,14.9,0,26,18,2,0
2023-03-09,STORE_02,PROD_042,Panadería,Oeste,Durazno,1.5,7,10.5,0,41,33,5,0
2023-02-18,STORE_04,PROD_029,Bebidas,Sur,Maldonado,2.57,12,30.84,0,20,9,5,0
2023-03-05,STORE_05,PROD_004,Lácteos,Oeste,Paysandú,3.79,6,22.74,0,39,30,5,0
2023-03-10,STORE_01,PROD_038,Bebidas,Norte,Salto,2.29,2,4.58,0,42,38,5,0
2023-01-19,STORE_03,PROD_028,Lácteos,Oeste,Salto,3.38,6,20.28,0,28,23,7,0
2023-02-19,STORE_01,PROD_022,Panadería,Oeste,Durazno,1.79,9,16.11,0,73,66,7,0
2023-01-15,STORE_01,PROD_018,Limpieza,Este,Maldonado,4.57,8,36.56,0,83,73,7,0
2023-01-12,STORE_01,PROD_013,Panadería,Sur,Salto,1.69,5,8.45,0,37,33,3,0
2023-01-10,STORE_05,PROD_025,Lácteos,Oeste,Montevideo,2.96,6,17.76,1,84,80,2,0
2023-03-01,STORE_02,PROD_029,Lácteos,Este,Salto,2.92,6,17.52,0,58,53,7,0
2023-03-06,STORE_05,PROD_011,Snacks,Oeste,Salto,1.99,12,23.88,1,40,30,5,0
2023-03-03,STORE_01,PROD_037,Panadería,Sur,Durazno,1.7,6,10.2,0,56,48,2,0
2023-03-11,STORE_02,PROD_014,Limpieza,Sur,Montevideo,4.75,5,23.75,1,39,33,2,0
2023-03-31,STORE_03,PROD_048,Panadería,Oeste,Salto,1.54,5,7.7,0,96,88,2,0
2023-02-16,STORE_04,PROD_036,Lácteos,Sur,Paysandú,3.34,6,20.04,0,97,90,2,0
2023-03-08,STORE_03,PROD_035,Lácteos,Sur,Maldonado,3.41,0,0.0,0,70,69,7,0
2023-01-24,STORE_03,PROD_019,Panadería,Oeste,Durazno,1.62,8,12.96,0,47,38,3,0
2023-03-29,STORE_03,PROD_040,Lácteos,Este,Paysandú,3.0,2,6.0,0,47,46,3,0
2023-01-18,STORE_04,PROD_046,Panadería,Norte,Montevideo,1.72,8,13.76,0,34,25,5,0
2023-01-10,STORE_01,PROD_019,Limpieza,Oeste,Maldonado,4.75,4,19.0,0,75,68,7,0
2023-02-17,STORE_01,PROD_047,Lácteos,Sur,Maldonado,3.37,13,43.81,1,86,73,7,0
2023-02-02,STORE_04,PROD_033,Panadería,Este,Salto,1.58,3,4.74,0,87,85,3,0
2023-01-11,STORE_01,PROD_025,Snacks,Oeste,Maldonado,1.89,7,13.23,0,99,94,5,0
2023-01-07,STORE_02,PROD_014,Bebidas,Este,Salto,2.79,8,22.32,0,62,53,7,0
2023-01-01,STORE_01,PROD_016,Limpieza,Oeste,Salto,4.02,11,44.22,1,33,23,7,0
2023-02-17,STORE_02,PROD_047,Panadería,Oeste,Durazno,1.6,2,3.2,0,46,41,5,0
2023-02-08,STORE_01,PROD_007,Snacks,Este,Paysandú,2.09,6,12.54,1,46,42,2,0
2023-01-04,STORE_03,PROD_042,Limpieza,Este,Salto,4.27,4,17.08,0,95,88,3,0
2023-02-26,STORE_04,PROD_049,Bebidas,Sur,Maldonado,2.92,4,11.68,0,51,44,2,0
2023-01-30,STORE_01,PROD_021,Lácteos,Este,Maldonado,3.69,6,22.14,0,56,50,7,0
2023-02-23,STORE_02,PROD_014,Lácteos,Norte,Paysandú,3.81,4,15.24,0,79,76,7,0
2023-01-10,STORE_01,PROD_031,Panadería,Este,Montevideo,1.8,7,12.6,0,42,37,2,0
2023-03-13,STORE_01,PROD_038,Limpieza,Oeste,Maldonado,4.77,7,33.39,1,90,83,7,0
2023-02-22,STORE_04,PROD_020,Panadería,Norte,Paysandú,1.64,8,13.12,0,57,51,3,0
2023-03-06,STORE_03,PROD_037,Lácteos,Este,Salto,3.39,6,20.34,0,32,26,5,0
2023-03-05,STORE_03,PROD_026,Lácteos,Norte,Paysandú,3.82,5,19.1,0,94,86,3,0
2023-01-09,STORE_03,PROD_029,Limpieza,Oeste,Paysandú,4.16,2,8.32,0,95,92,5,0
2023-03-06,STORE_03,PROD_027,Snacks,Sur,Durazno,1.75,8,14.0,0,52,42,3,0
2023-02-09,STORE_01,PROD_015,Snacks,Norte,Salto,1.7,5,8.5,0,81,77,7,0
2023-01-06,STORE_03,PROD_041,Limpieza,Norte,Maldonado,4.73,8,37.84,1,40,34,3,0
2023-01-13,STORE_04,PROD_009,Lácteos,Este,Maldonado,3.1,2,6.2,0,71,67,5,0
2023-01-08,STORE_01,PROD_045,Panadería,Oeste,Salto,1.79,14,25.06,1,85,70,2,0
2023-03-28,STORE_02,PROD_003,Panadería,Este,Maldonado,1.62,8,12.96,1,56,45,7,0
2023-03-17,STORE_02,PROD_015,Panadería,Oeste,Durazno,1.52,8,12.16,1,52,44,3,0
2023-03-24,STORE_03,PROD_006,Panadería,Este,Maldonado,1.64,5,8.2,0,32,24,7,0
2023-01-14,STORE_04,PROD_013,Limpieza,Sur,Durazno,3.94,12,47.28,0,71,58,5,0
2023-01-14,STORE_04,PROD_049,Snacks,Oeste,Maldonado,1.7,5,8.5,0,44,38,7,0
2023-01-14,STORE_05,PROD_029,Snacks,Sur,Maldonado,1.76,6,10.56,0,25,18,3,0
2023-03-21,STORE_03,PROD_037,Bebidas,Este,Salto,2.73,3,8.19,0,61,60,3,0
2023-03-18,STORE_01,PROD_007,Lácteos,Norte,Durazno,2.98,7,20.86,0,31,21,5,0
2023-03-07,STORE_03,PROD_011,Panadería,Oeste,Salto,1.56,5,7.8,1,56,51,2,0
2023-02-27,STORE_04,PROD_045,Bebidas,Oeste,Durazno,2.83,2,5.66,0,28,26,2,0
2023-03-07,STORE_05,PROD_009,Lácteos,Sur,Paysandú,3.77,5,18.85,0,87,79,3,0
2023-01-07,STORE_02,PROD_013,Lácteos,Sur,Salto,3.13,4,12.52,0,23,17,7,0
2023-03-20,STORE_05,PROD_010,Panadería,Sur,Salto,1.79,7,12.53,1,32,22,7,0
2023-03-27,STORE_03,PROD_015,Snacks,Sur,Paysandú,2.06,4,8.24,0,90,83,3,0
2023-01-26,STORE_05,PROD_012,Panadería,Sur,Durazno,1.6,6,9.6,0,33,28,7,0
2023-03-18,STORE_05,PROD_040,Limpieza,Oeste,Durazno,4.22,6,25.32,0,53,49,5,0
2023-03-27,STORE_05,PROD_048,Limpieza,Oeste,Maldonado,4.67,6,28.02,1,77,72,2,0
2023-01-26,STORE_04,PROD_041,Panadería,Norte,Paysandú,1.54,8,12.32,0,99,93,7,0
2023-03-24,STORE_01,PROD_034,Lácteos,Norte,Paysandú,2.91,5,14.55,0,47,40,5,0
2023-01-01,STORE_01,PROD_048,Lácteos,Oeste,Montevideo,2.98,1,2.98,0,49,45,2,0
2023-03-21,STORE_05,PROD_014,Bebidas,Oeste,Maldonado,2.31,5,11.55,1,45,39,5,0
2023-01-26,STORE_04,PROD_042,Lácteos,Oeste,Paysandú,3.19,6,19.14,0,47,41,2,0
2023-03-07,STORE_05,PROD_046,Panadería,Sur,Salto,1.61,12,19.32,1,66,56,5,0
2023-03-05,STORE_01,PROD_035,Bebidas,Sur,Maldonado,2.93,11,32.23,1,76,64,3,0
2023-01-04,STORE_01,PROD_008,Limpieza,Sur,Salto,4.35,7,30.45,0,35,25,2,0
2023-03-28,STORE_04,PROD_027,Bebidas,Norte,Montevideo,2.98,8,23.84,0,65,55,5,0
2023-03-13,STORE_03,PROD_046,Panadería,Este,Paysandú,1.64,10,16.4,1,69,58,5,0
2023-02-14,STORE_05,PROD_016,Lácteos,Norte,Paysandú,3.36,9,30.24,1,44,35,5,0
2023-01-24,STORE_01,PROD_018,Lácteos,Este,Montevideo,3.5,6,21.0,0,42,34,7,0
2023-01-13,STORE_01,PROD_020,Lácteos,Este,Montevideo,3.53,3,10.59,0,97,92,5,0
2023-01-18,STORE_03,PROD_032,Panadería,Oeste,Paysandú,1.36,7,9.52,0,90,81,7,0
2023-02-25,STORE_01,PROD_036,Bebidas,Oeste,Paysandú,2.26,6,13.56,0,97,91,3,0
2023-01-27,STORE_01,PROD_004,Panadería,Sur,Maldonado,1.48,7,10.36,0,31,23,7,0
2023-01-22,STORE_03,PROD_049,Lácteos,Este,Montevideo,3.31,9,29.79,1,93,84,2,0
2023-01-07,STORE_04,PROD_035,Limpieza,Este,Paysandú,3.62,3,10.86,0,62,59,2,0
2023-03-26,STORE_03,PROD_019,Limpieza,Sur,Salto,4.32,15,64.8,0,98,81,5,0
2023-02-14,STORE_05,PROD_029,Snacks,Norte,Montevideo,2.05,7,14.35,0,37,27,2,0
2023-01-27,STORE_04,PROD_042,Panadería,Este,Paysandú,1.5,3,4.5,0,60,55,3,0
2023-03-26,STORE_01,PROD_024,Panadería,Oeste,Durazno,1.77,6,10.62,0,30,26,7,0
2023-03-04,STORE_05,PROD_041,Snacks,Sur,Paysandú,1.86,9,16.74,0,45,36,2,0
2023-03-18,STORE_01,PROD_025,Panadería,Sur,Paysandú,1.63,3,4.89,0,55,49,7,0
2023-01-22,STORE_03,PROD_024,Limpieza,Sur,Durazno,3.91,10,39.1,0,52,43,3,0
2023-02-22,STORE_01,PROD_014,Bebidas,Sur,Durazno,2.98,6,17.88,0,44,36,3,0
2023-01-06,STORE_04,PROD_020,Snacks,Sur,Montevideo,1.7,8,13.6,0,59,48,7,0
2023-01-25,STORE_03,PROD_005,Snacks,Oeste,Paysandú,2.02,3,6.06,0,29,23,7,0
2023-03-19,STORE_04,PROD_038,Lácteos,Norte,Paysandú,3.81,6,22.86,0,54,46,7,0
2023-03-27,STORE_01,PROD_043,Panadería,Este,Salto,1.72,7,12.04,0,70,60,2,0
2023-01-24,STORE_01,PROD_038,Lácteos,Norte,Salto,3.07,7,21.49,1,43,36,7,0
2023-02-14,STORE_02,PROD_028,Snacks,Este,Paysandú,1.92,7,13.44,0,24,17,7,0
2023-02-14,STORE_01,PROD_014,Limpieza,Norte,Durazno,4.39,6,26.34,0,75,71,5,0
2023-03-12,STORE_03,PROD_025,Bebidas,Este,Montevideo,2.25,5,11.25,0,28,24,2,0
2023-01-14,STORE_05,PROD_009,Limpieza,Este,Montevideo,3.72,11,40.92,0,62,52,3,0
2023-02-27,STORE_02,PROD_012,Snacks,Norte,Durazno,1.7,9,15.3,0,73,61,2,0
2023-01-23,STORE_04,PROD_009,Panadería,Norte,Maldonado,1.67,4,6.68,0,84,81,7,0
2023-01-09,STORE_04,PROD_006,Lácteos,Norte,Durazno,3.78,5,18.9,0,49,45,3,0
2023-03-26,STORE_04,PROD_038,Snacks,Oeste,Maldonado,1.94,8,15.52,0,82,75,5,0
2023-01-09,STORE_03,PROD_045,Lácteos,Este,Salto,3.5,2,7.0,0,69,67,7,0
2023-02-27,STORE_05,PROD_041,Bebidas,Oeste,Montevideo,2.66,4,10.64,0,40,38,5,0
2023-02-15,STORE_04,PROD_048,Lácteos,Este,Montevideo,3.24,3,9.72,1,25,22,5,0
2023-02-04,STORE_02,PROD_009,Panadería,Este,Paysandú,1.43,4,5.72,0,51,45,5,0
2023-03-19,STORE_05,PROD_047,Limpieza,Este,Montevideo,4.02,9,36.18,0,83,74,3,0
2023-02-25,STORE_05,PROD_016,Panadería,Sur,Paysandú,1.78,16,28.48,0,71,55,7,0
2023-03-20,STORE_02,PROD_024,Snacks,Norte,Durazno,2.07,6,12.42,0,42,33,5,0
2023-03-29,STORE_05,PROD_017,Lácteos,Este,Salto,3.6,4,14.4,0,32,30,2,0
2023-03-22,STORE_02,PROD_008,Bebidas,Norte,Durazno,2.48,4,9.92,1,74,70,3,0
2023-03-30,STORE_04,PROD_026,Lácteos,Sur,Salto,3.04,10,30.4,1,97,84,7,0
2023-01-04,STORE_02,PROD_014,Snacks,Norte,Durazno,1.89,10,18.9,1,43,32,7,0
2023-01-17,STORE_05,PROD_013,Limpieza,Oeste,Montevideo,3.87,5,19.35,0,61,54,3,0
2023-01-29,STORE_01,PROD_017,Snacks,Norte,Maldonado,2.03,7,14.21,0,45,36,5,0
2023-01-05,STORE_05,PROD_031,Lácteos,Este,Maldonado,3.6,6,21.6,0,65,56,7,0
2023-02-28,STORE_05,PROD_010,Panadería,Este,Montevideo,1.5,5,7.5,1,72,69,7,0
2023-01-11,STORE_02,PROD_047,Snacks,Este,Paysandú,1.71,5,8.55,0,74,68,7,0
2023-03-13,STORE_04,PROD_042,Snacks,Oeste,Durazno,1.84,5,9.2,0,38,35,5,0
2023-01-21,STORE_03,PROD_037,Panadería,Sur,Montevideo,1.61,12,19.32,1,24,13,5,0
2023-01-05,STORE_01,PROD_032,Lácteos,Este,Salto,3.46,4,13.84,1,64,62,7,0
2023-03-21,STORE_02,PROD_018,Bebidas,Este,Paysandú,2.81,4,11.24,0,37,34,5,0
2023-02-21,STORE_04,PROD_024,Limpieza,Oeste,Salto,3.67,3,11.01,0,49,45,3,0
2023-03-29,STORE_04,PROD_033,Bebidas,Norte,Durazno,2.41,7,16.87,0,80,72,5,0
2023-03-16,STORE_05,PROD_014,Lácteos,Oeste,Montevideo,3.73,6,22.38,1,96,90,2,0
2023-02-04,STORE_02,PROD_033,Limpieza,Este,Paysandú,4.64,5,23.2,0,51,47,3,0
2023-02-22,STORE_01,PROD_011,Snacks,Este,Montevideo,2.13,6,12.78,1,20,13,2,0
2023-03-15,STORE_02,PROD_046,Snacks,Oeste,Durazno,1.79,4,7.16,0,57,53,3,0
2023-03-27,STORE_01,PROD_022,Limpieza,Este,Montevideo,4.4,9,39.6,0,59,50,5,0
2023-01-27,STORE_02,PROD_025,Panadería,Sur,Maldonado,1.38,10,13.8,0,82,71,5,0
2023-01-10,STORE_03,PROD_023,Limpieza,Sur,Salto,4.79,6,28.74,0,29,24,5,0
2023-01-23,STORE_02,PROD_023,Lácteos,Oeste,Montevideo,3.35,4,13.4,0,82,75,5,0
2023-03-24,STORE_05,PROD_026,Lácteos,Oeste,Maldonado,3.79,9,34.11,0,84,77,5,0
2023-02-01,STORE_01,PROD_018,Panadería,Norte,Montevideo,1.74,5,8.7,0,90,82,7,0
2023-01-22,STORE_05,PROD_015,Snacks,Sur,Montevideo,1.66,9,14.94,0,82,73,5,0
2023-01-13,STORE_01,PROD_045,Lácteos,Norte,Salto,3.42,4,13.68,0,86,81,7,0
2023-01-08,STORE_05,PROD_004,Lácteos,Oeste,Montevideo,3.81,7,26.67,0,63,57,7,0
2023-02-13,STORE_01,PROD_032,Panadería,Norte,Paysandú,1.78,6,10.68,0,84,80,3,0
2023-02-25,STORE_03,PROD_003,Snacks,Sur,Paysandú,1.86,5,9.3,0,74,66,3,0
2023-02-13,STORE_03,PROD_022,Bebidas,Norte,Paysandú,2.8,4,11.2,0,87,80,7,0
2023-02-17,STORE_04,PROD_003,Snacks,Oeste,Montevideo,1.73,9,15.57,0,97,87,5,0
2023-03-14,STORE_04,PROD_039,Snacks,Oeste,Salto,1.67,4,6.68,0,56,49,7,0
2023-03-11,STORE_04,PROD_011,Panadería,Sur,Durazno,1.45,7,10.15,0,39,30,3,0
2023-02-22,STORE_05,PROD_027,Bebidas,Norte,Maldonado,2.57,6,15.42,1,48,40,5,0
2023-02-18,STORE_01,PROD_039,Panadería,Este,Maldonado,1.43,7,10.01,0,57,49,2,0
2023-01-21,STORE_03,PROD_046,Bebidas,Este,Montevideo,2.92,10,29.2,1,97,88,3,0
2023-02-17,STORE_05,PROD_016,Lácteos,Este,Salto,3.17,6,19.02,0,51,43,3,0
2023-02-08,STORE_04,PROD_018,Snacks,Este,Paysandú,2.0,3,6.0,0,83,77,2,0
2023-01-07,STORE_01,PROD_001,Snacks,Oeste,Paysandú,1.92,3,5.76,0,40,38,7,0
2023-02-09,STORE_02,PROD_027,Bebidas,Sur,Salto,2.7,5,13.5,0,53,47,5,0
2023-02-28,STORE_03,PROD_017,Limpieza,Norte,Maldonado,4.71,7,32.97,0,35,28,5,0
2023-03-25,STORE_03,PROD_001,Limpieza,Este,Paysandú,3.77,4,15.08,0,79,74,5,0
2023-03-13,STORE_02,PROD_042,Snacks,Oeste,Salto,1.82,10,18.2,0,65,54,2,0
2023-01-12,STORE_04,PROD_018,Lácteos,Sur,Durazno,3.18,2,6.36,0,80,78,2,0
2023-01-31,STORE_02,PROD_019,Panadería,Oeste,Durazno,1.64,6,9.84,0,91,83,2,0
2023-03-11,STORE_03,PROD_036,Panadería,Sur,Maldonado,1.57,12,18.84,1,25,11,2,0
2023-02-09,STORE_01,PROD_004,Limpieza,Oeste,Maldonado,4.17,10,41.7,0,53,42,2,0
2023-03-03,STORE_03,PROD_045,Bebidas,Oeste,Salto,2.54,8,20.32,1,58,50,7,0
2023-03-30,STORE_01,PROD_028,Snacks,Este,Montevideo,1.99,7,13.93,0,90,83,3,0
2023-01-13,STORE_04,PROD_017,Lácteos,Oeste,Maldonado,3.43,6,20.58,0,69,64,7,0
2023-02-12,STORE_02,PROD_041,Lácteos,Sur,Maldonado,3.35,11,36.85,0,85,76,5,0
2023-01-29,STORE_04,PROD_046,Lácteos,Este,Paysandú,3.65,10,36.5,1,64,52,2,0
2023-02-20,STORE_02,PROD_004,Lácteos,Sur,Paysandú,3.59,2,7.18,0,31,26,7,0
2023-02-19,STORE_01,PROD_016,Panadería,Este,Paysandú,1.6,14,22.4,1,74,61,3,0
2023-02-27,STORE_01,PROD_019,Lácteos,Este,Salto,3.0,7,21.0,1,33,27,7,0
2023-01-24,STORE_05,PROD_045,Bebidas,Norte,Paysandú,2.82,4,11.28,0,92,87,5,0
2023-02-03,STORE_03,PROD_013,Lácteos,Este,Montevideo,3.22,3,9.66,0,81,75,7,0
2023-03-27,STORE_02,PROD_032,Bebidas,Este,Montevideo,2.3,2,4.6,0,51,46,7,0
2023-01-28,STORE_02,PROD_008,Snacks,Oeste,Salto,2.0,12,24.0,0,76,62,5,0
2023-02-14,STORE_02,PROD_029,Lácteos,Norte,Durazno,2.93,7,20.51,0,70,63,7,0
2023-03-22,STORE_03,PROD_003,Panadería,Sur,Montevideo,1.75,4,7.0,0,22,16,7,0
2023-03-30,STORE_05,PROD_002,Snacks,Sur,Montevideo,2.02,4,8.08,0,45,38,2,0
2023-01-16,STORE_05,PROD_012,Snacks,Oeste,Montevideo,1.64,4,6.56,0,90,88,3,0
2023-03-28,STORE_02,PROD_013,Lácteos,Oeste,Durazno,2.95,1,2.95,0,47,48,3,0
2023-03-16,STORE_01,PROD_013,Bebidas,Norte,Durazno,2.77,5,13.85,0,82,78,2,0
2023-01-27,STORE_03,PROD_042,Bebidas,Sur,Salto,2.78,7,19.46,0,46,39,5,0
2023-02-18,STORE_01,PROD_038,Limpieza,Oeste,Montevideo,3.65,9,32.85,0,66,59,3,0
2023-01-09,STORE_04,PROD_045,Limpieza,Norte,Salto,3.9,3,11.7,0,88,83,3,0
2023-02-03,STORE_03,PROD_008,Snacks,Sur,Maldonado,1.64,6,9.84,0,52,46,7,0
2023-02-17,STORE_04,PROD_009,Panadería,Norte,Montevideo,1.65,7,11.55,0,59,54,7,0
2023-01-04,STORE_05,PROD_019,Limpieza,Norte,Paysandú,4.44,8,35.52,1,71,65,5,0
2023-02-05,STORE_05,PROD_013,Panadería,Este,Durazno,1.46,10,14.6,0,93,80,3,0
2023-03-20,STORE_01,PROD_048,Limpieza,Oeste,Salto,4.76,16,76.16,1,48,30,2,0
2023-01-30,STORE_02,PROD_020,Limpieza,Norte,Maldonado,4.16,4,16.64,0,71,65,2,0
2023-02-13,STORE_04,PROD_013,Lácteos,Este,Salto,3.7,9,33.3,1,26,15,5,0
2023-01-24,STORE_03,PROD_010,Panadería,Norte,Maldonado,1.54,4,6.16,0,95,92,2,0
2023-03-16,STORE_04,PROD_037,Snacks,Sur,Paysandú,1.68,5,8.4,0,32,25,5,0
2023-02-18,STORE_02,PROD_035,Bebidas,Norte,Maldonado,2.54,4,10.16,0,71,67,5,0
2023-02-09,STORE_03,PROD_013,Lácteos,Oeste,Maldonado,3.03,1,3.03,0,72,69,5,0
2023-03-09,STORE_05,PROD_010,Lácteos,Norte,Durazno,2.92,7,20.44,0,68,58,3,0
2023-03-07,STORE_01,PROD_004,Limpieza,Este,Montevideo,4.63,4,18.52,0,39,34,7,0
2023-03-26,STORE_05,PROD_028,Limpieza,Norte,Montevideo,4.53,7,31.71,1,58,50,2,0
2023-03-06,STORE_02,PROD_003,Bebidas,Norte,Durazno,2.9,7,20.3,0,64,55,3,0
2023-01-14,STORE_02,PROD_016,Panadería,Norte,Paysandú,1.55,9,13.95,0,86,79,7,0
2023-03-28,STORE_02,PROD_007,Snacks,Oeste,Maldonado,1.87,5,9.35,0,82,75,5,0
2023-03-03,STORE_02,PROD_009,Limpieza,Oeste,Montevideo,3.87,3,11.61,0,70,64,3,0
2023-02-12,STORE_04,PROD_003,Snacks,Oeste,Montevideo,2.15,7,15.05,0,26,16,5,0
2023-02-19,STORE_02,PROD_035,Panadería,Oeste,Salto,1.38,9,12.42,0,40,29,7,0
2023-01-18,STORE_01,PROD_014,Snacks,Este,Paysandú,1.78,14,24.92,1,81,66,2,0
2023-03-24,STORE_05,PROD_024,Snacks,Sur,Paysandú,1.79,3,5.37,0,64,58,3,0
2023-03-08,STORE_01,PROD_005,Snacks,Sur,Paysandú,1.98,3,5.94,0,36,30,7,0
2023-03-11,STORE_01,PROD_040,Panadería,Este,Salto,1.45,9,13.05,0,57,50,3,0
2023-02-07,STORE_01,PROD_026,Limpieza,Norte,Paysandú,3.65,5,18.25,0,68,62,5,0
2023-01-01,STORE_05,PROD_023,Bebidas,Este,Paysandú,2.29,18,41.22,1,77,58,5,0
2023-02-25,STORE_01,PROD_010,Panadería,Sur,Durazno,1.35,5,6.75,0,27,22,2,0
2023-02-09,STORE_01,PROD_025,Bebidas,Oeste,Maldonado,2.98,7,20.86,0,35,30,7,0
2023-01-25,STORE_01,PROD_004,Panadería,Este,Montevideo,1.4,12,16.8,0,93,80,5,0
2023-02-21,STORE_05,PROD_012,Bebidas,Norte,Durazno,2.52,4,10.08,0,25,23,2,0
2023-03-12,STORE_01,PROD_011,Limpieza,Sur,Salto,3.86,4,15.44,0,93,87,2,0
2023-03-08,STORE_02,PROD_015,Bebidas,Este,Durazno,2.57,8,20.56,1,27,21,3,0
2023-01-07,STORE_05,PROD_016,Panadería,Este,Maldonado,1.56,6,9.36,1,72,67,5,0
2023-02-21,STORE_02,PROD_044,Bebidas,Este,Salto,2.33,5,11.65,0,52,46,3,0
2023-02-02,STORE_03,PROD_028,Panadería,Norte,Paysandú,1.44,5,7.2,0,51,44,2,0
2023-01-08,STORE_02,PROD_030,Limpieza,Norte,Paysandú,4.36,5,21.8,0,54,50,7,0
2023-02-17,STORE_01,PROD_031,Snacks,Sur,Paysandú,2.01,6,12.06,0,20,11,7,0
2023-01-20,STORE_01,PROD_026,Limpieza,Este,Montevideo,4.4,8,35.2,1,55,47,5,0
2023-02-11,STORE_05,PROD_019,Limpieza,Este,Maldonado,3.75,10,37.5,0,83,72,3,0
2023-02-02,STORE_02,PROD_037,Lácteos,Norte,Durazno,3.7,2,7.4,0,66,64,7,0
2023-02-16,STORE_04,PROD_040,Snacks,Sur,Maldonado,2.07,3,6.21,0,20,17,2,0
2023-02-25,STORE_02,PROD_020,Snacks,Oeste,Paysandú,2.06,5,10.3,0,75,72,5,0
2023-03-12,STORE_02,PROD_001,Limpieza,Este,Paysandú,4.51,6,27.06,0,91,83,5,0
2023-01-22,STORE_02,PROD_016,Snacks,Oeste,Paysandú,2.02,4,8.08,0,53,47,3,0
2023-02-25,STORE_04,PROD_050,Bebidas,Oeste,Montevideo,2.66,8,21.28,0,70,60,7,0
2023-01-30,STORE_05,PROD_039,Limpieza,Sur,Maldonado,3.69,12,44.28,1,99,89,2,0
2023-03-26,STORE_05,PROD_040,Panadería,Este,Paysandú,1.39,8,11.12,0,92,85,5,0
2023-03-02,STORE_04,PROD_015,Snacks,Sur,Durazno,1.99,9,17.91,0,34,27,3,0
2023-01-14,STORE_01,PROD_049,Limpieza,Oeste,Maldonado,4.01,8,32.08,0,22,15,5,0
2023-01-29,STORE_03,PROD_042,Panadería,Este,Durazno,1.63,7,11.41,0,28,20,2,0
2023-01-17,STORE_01,PROD_020,Lácteos,Este,Salto,3.05,12,36.6,0,92,82,2,0
2023-03-10,STORE_01,PROD_037,Limpieza,Oeste,Durazno,3.63,7,25.41,0,21,14,7,0
2023-03-02,STORE_01,PROD_013,Panadería,Oeste,Durazno,1.44,5,7.2,0,54,49,5,0
2023-03-30,STORE_05,PROD_031,Snacks,Este,Paysandú,1.84,6,11.04,0,50,45,3,0
2023-02-07,STORE_01,PROD_037,Lácteos,Sur,Durazno,3.6,6,21.6,0,87,83,7,0
2023-01-22,STORE_03,PROD_046,Lácteos,Oeste,Salto,3.1,8,24.8,1,37,28,3,0
2023-02-12,STORE_02,PROD_003,Limpieza,Este,Paysandú,3.99,4,15.96,0,34,28,7,0
2023-01-25,STORE_05,PROD_041,Panadería,Oeste,Paysandú,1.76,7,12.32,0,38,29,7,0
2023-03-07,STORE_05,PROD_035,Panadería,Este,Salto,1.65,4,6.6,0,65,63,7,0
2023-01-01,STORE_01,PROD_047,Bebidas,Oeste,Salto,2.29,8,18.32,0,31,23,2,0
2023-01-07,STORE_01,PROD_034,Limpieza,Este,Montevideo,4.33,8,34.64,0,87,80,2,0
2023-01-01,STORE_01,PROD_014,Limpieza,Este,Durazno,4.03,9,36.27,0,64,57,2,0
2023-02-27,STORE_03,PROD_024,Panadería,Sur,Salto,1.57,3,4.71,0,56,52,7,0
2023-01-05,STORE_04,PROD_049,Limpieza,Sur,Montevideo,3.95,7,27.65,1,63,56,5,0
2023-01-28,STORE_03,PROD_014,Snacks,Este,Salto,1.87,11,20.57,0,82,73,5,0
2023-01-15,STORE_03,PROD_030,Limpieza,Norte,Durazno,4.0,14,56.0,1,99,85,7,0
2023-03-30,STORE_04,PROD_009,Snacks,Norte,Durazno,1.76,3,5.28,0,74,71,3,0
2023-02-19,STORE_01,PROD_003,Lácteos,Sur,Maldonado,3.73,10,37.3,0,81,69,5,0
2023-03-01,STORE_03,PROD_043,Panadería,Este,Maldonado,1.45,8,11.6,0,47,37,5,0
2023-03-05,STORE_04,PROD_022,Limpieza,Norte,Paysandú,3.8,4,15.2,0,72,66,7,0
2023-03-18,STORE_03,PROD_013,Lácteos,Sur,Maldonado,3.18,6,19.08,0,56,48,7,0
2023-02-15,STORE_02,PROD_023,Limpieza,Sur,Maldonado,4.66,6,27.96,1,49,41,5,0
2023-01-20,STORE_03,PROD_040,Bebidas,Este,Paysandú,2.92,7,20.44,0,23,16,2,0
2023-02-27,STORE_01,PROD_039,Snacks,Este,Paysandú,2.06,8,16.48,0,40,29,2,0
2023-01-19,STORE_04,PROD_037,Snacks,Sur,Salto,1.92,4,7.68,0,74,68,2,0
2023-01-01,STORE_01,PROD_009,Bebidas,Este,Maldonado,2.58,13,33.54,0,45,31,7,0
2023-03-01,STORE_03,PROD_036,Panadería,Norte,Durazno,1.48,9,13.32,0,79,68,7,0
2023-01-31,STORE_02,PROD_002,Snacks,Este,Paysandú,1.81,5,9.05,0,73,70,2,0
2023-01-23,STORE_04,PROD_014,Lácteos,Norte,Salto,2.98,5,14.9,1,73,69,5,0
2023-02-18,STORE_05,PROD_042,Bebidas,Este,Salto,2.85,5,14.25,1,29,23,5,0
2023-03-04,STORE_02,PROD_035,Snacks,Este,Montevideo,1.89,9,17.01,0,38,28,2,0
2023-03-13,STORE_05,PROD_001,Limpieza,Este,Paysandú,4.47,4,17.88,1,57,51,3,0
2023-01-06,STORE_04,PROD_015,Lácteos,Norte,Salto,2.98,2,5.96,0,32,28,3,0
2023-03-16,STORE_05,PROD_024,Bebidas,Sur,Maldonado,2.8,3,8.4,0,41,35,2,0
2023-02-09,STORE_02,PROD_045,Panadería,Norte,Maldonado,1.38,6,8.28,0,84,75,7,0
2023-01-15,STORE_02,PROD_017,Limpieza,Este,Maldonado,4.03,4,16.12,0,74,72,2,0
2023-03-25,STORE_02,PROD_027,Bebidas,Norte,Montevideo,2.72,6,16.32,0,29,20,7,0
2023-01-24,STORE_03,PROD_033,Lácteos,Oeste,Salto,3.12,5,15.6,0,36,32,7,0
2023-02-19,STORE_04,PROD_031,Bebidas,Norte,Maldonado,2.33,8,18.64,0,57,51,7,0
2023-01-15,STORE_04,PROD_038,Snacks,Oeste,Paysandú,1.64,4,6.56,0,29,25,3,0
2023-01-30,STORE_04,PROD_018,Bebidas,Este,Durazno,2.89,9,26.01,1,98,88,2,0
2023-03-27,STORE_02,PROD_050,Limpieza,Oeste,Salto,4.26,5,21.3,0,76,68,7,0
2023-02-07,STORE_01,PROD_048,Lácteos,Oeste,Durazno,3.33,4,13.32,0,21,14,5,0
2023-02-26,STORE_05,PROD_018,Bebidas,Sur,Montevideo,2.76,11,30.36,1,60,47,3,0
2023-03-10,STORE_02,PROD_011,Bebidas,Sur,Montevideo,2.86,8,22.88,1,34,23,3,0
2023-01-20,STORE_05,PROD_007,Snacks,Oeste,Salto,1.78,5,8.9,0,67,63,5,0
2023-02-27,STORE_04,PROD_002,Bebidas,Sur,Montevideo,2.59,5,12.95,0,93,90,5,0
2023-02-13,STORE_01,PROD_013,Lácteos,Oeste,Durazno,3.48,2,6.96,0,52,50,2,0
2023-03-17,STORE_03,PROD_009,Snacks,Norte,Durazno,1.82,7,12.74,0,57,50,5,0
2023-03-26,STORE_02,PROD_046,Lácteos,Norte,Montevideo,3.02,13,39.26,1,98,86,7,0
2023-01-21,STORE_05,PROD_022,Bebidas,Norte,Salto,2.62,10,26.2,0,47,37,5,0
2023-02-01,STORE_05,PROD_015,Snacks,Este,Salto,1.68,9,15.12,1,65,55,2,0
2023-01-31,STORE_04,PROD_025,Snacks,Oeste,Montevideo,1.63,4,6.52,0,89,87,5,0
2023-02-17,STORE_01,PROD_044,Limpieza,Sur,Salto,4.73,4,18.92,0,25,19,7,0
2023-01-21,STORE_03,PROD_002,Bebidas,Oeste,Salto,2.29,12,27.48,0,83,71,5,0
2023-03-21,STORE_03,PROD_010,Snacks,Norte,Montevideo,2.0,5,10.0,0,61,57,5,0
2023-01-30,STORE_05,PROD_017,Snacks,Este,Maldonado,2.07,4,8.28,0,71,68,7,0
2023-03-28,STORE_01,PROD_019,Limpieza,Sur,Maldonado,4.25,6,25.5,1,97,93,2,0
2023-01-26,STORE_04,PROD_011,Bebidas,Sur,Paysandú,2.95,6,17.7,0,21,15,3,0
2023-02-17,STORE_04,PROD_024,Panadería,Este,Durazno,1.7,7,11.9,1,84,74,7,0
2023-01-06,STORE_03,PROD_035,Lácteos,Norte,Salto,2.94,6,17.64,0,85,78,2,0
2023-02-28,STORE_05,PROD_050,Panadería,Oeste,Paysandú,1.59,10,15.9,1,95,87,2,0
2023-01-03,STORE_05,PROD_031,Lácteos,Oeste,Maldonado,3.6,10,36.0,0,97,87,7,0
2023-02-06,STORE_02,PROD_049,Panadería,Oeste,Montevideo,1.6,5,8.0,0,87,84,3,0
2023-02-11,STORE_02,PROD_044,Snacks,Sur,Montevideo,2.1,6,12.6,1,45,37,5,0
2023-03-22,STORE_02,PROD_019,Snacks,Norte,Maldonado,1.77,0,0.0,0,91,89,5,0
2023-02-26,STORE_01,PROD_028,Bebidas,Sur,Durazno,2.6,8,20.8,0,98,92,2,0
2023-02-16,STORE_03,PROD_046,Lácteos,Sur,Maldonado,3.18,4,12.72,0,68,65,7,0
2023-02-14,STORE_04,PROD_036,Panadería,Sur,Maldonado,1.71,6,10.26,0,87,80,5,0
2023-03-20,STORE_02,PROD_043,Snacks,Este,Maldonado,1.92,6,11.52,0,20,13,3,0
2023-02-11,STORE_02,PROD_001,Limpieza,Oeste,Durazno,4.16,7,29.12,0,32,22,7,0
2023-02-19,STORE_02,PROD_003,Lácteos,Norte,Salto,3.13,5,15.65,0,65,57,2,0
2023-03-28,STORE_01,PROD_037,Limpieza,Norte,Maldonado,4.43,10,44.3,0,73,63,3,0
2023-01-09,STORE_02,PROD_031,Panadería,Norte,Salto,1.59,6,9.54,0,70,65,3,0
2023-02-16,STORE_04,PROD_009,Lácteos,Norte,Paysandú,3.08,4,12.32,0,50,43,5,0
2023-03-01,STORE_01,PROD_017,Bebidas,Norte,Durazno,2.34,2,4.68,0,95,92,5,0
2023-01-17,STORE_02,PROD_032,Limpieza,Este,Maldonado,4.44,3,13.32,0,93,87,2,0
2023-02-24,STORE_03,PROD_041,Bebidas,Oeste,Montevideo,2.46,8,19.68,0,78,70,7,0
2023-02-28,STORE_05,PROD_022,Panadería,Norte,Salto,1.45,4,5.8,0,25,21,5,0
2023-01-08,STORE_05,PROD_042,Lácteos,Norte,Montevideo,3.08,8,24.64,0,63,56,5,0
2023-02-19,STORE_05,PROD_024,Panadería,Norte,Paysandú,1.55,5,7.75,0,68,62,2,0
2023-03-10,STORE_04,PROD_017,Panadería,Norte,Maldonado,1.55,2,3.1,0,29,29,7,0
2023-02-22,STORE_05,PROD_044,Lácteos,Este,Durazno,3.5,8,28.0,0,30,19,2,0
2023-01-30,STORE_05,PROD_018,Panadería,Oeste,Durazno,1.59,12,19.08,1,31,16,3,0
2023-03-09,STORE_03,PROD_006,Limpieza,Norte,Maldonado,3.63,8,29.04,1,67,57,5,0
2023-03-30,STORE_03,PROD_007,Bebidas,Norte,Maldonado,2.31,6,13.86,0,31,27,3,0
2023-02-28,STORE_03,PROD_027,Snacks,Este,Durazno,1.66,9,14.94,0,30,19,3,0
2023-02-03,STORE_05,PROD_005,Panadería,Este,Salto,1.59,5,7.95,0,61,58,3,0
2023-02-26,STORE_01,PROD_038,Bebidas,Oeste,Maldonado,2.56,2,5.12,0,92,92,5,0
2023-01-15,STORE_04,PROD_045,Lácteos,Norte,Maldonado,2.9,12,34.8,0,78,64,7,0
2023-03-16,STORE_01,PROD_001,Panadería,Oeste,Durazno,1.62,6,9.72,0,66,59,3,0
2023-03-31,STORE_02,PROD_044,Lácteos,Sur,Maldonado,3.43,2,6.86,0,69,67,3,0
2023-02-20,STORE_03,PROD_012,Panadería,Oeste,Montevideo,1.55,5,7.75,0,22,15,5,0
2023-01-19,STORE_05,PROD_043,Lácteos,Norte,Paysandú,2.98,4,11.92,1,50,45,2,0
2023-02-16,STORE_04,PROD_023,Lácteos,Oeste,Durazno,3.32,6,19.92,0,99,95,7,0
2023-02-07,STORE_04,PROD_035,Lácteos,Sur,Durazno,3.1,6,18.6,0,70,62,2,0
2023-03-28,STORE_04,PROD_010,Bebidas,Este,Salto,2.75,7,19.25,0,56,50,7,0
2023-03-17,STORE_04,PROD_031,Limpieza,Norte,Paysandú,3.86,6,23.16,0,29,25,5,0
2023-01-07,STORE_04,PROD_035,Lácteos,Norte,Paysandú,3.48,3,10.44,0,52,49,3,0
2023-02-14,STORE_05,PROD_024,Bebidas,Oeste,Durazno,2.52,3,7.56,0,47,46,2,0
2023-02-13,STORE_03,PROD_046,Limpieza,Sur,Salto,3.79,8,30.32,0,60,54,3,0
2023-01-27,STORE_05,PROD_041,Limpieza,Norte,Durazno,4.02,5,20.1,0,95,92,7,0
2023-03-14,STORE_03,PROD_008,Lácteos,Sur,Maldonado,3.6,9,32.4,0,44,34,3,0
2023-02-05,STORE_01,PROD_048,Limpieza,Este,Salto,4.74,6,28.44,0,83,76,7,0
2023-02-27,STORE_01,PROD_017,Lácteos,Oeste,Salto,2.91,7,20.37,0,66,57,2,0
2023-01-14,STORE_03,PROD_048,Snacks,Norte,Maldonado,2.0,4,8.0,0,99,94,7,0
2023-02-23,STORE_02,PROD_033,Lácteos,Norte,Maldonado,3.42,4,13.68,0,93,90,2,0
2023-02-15,STORE_05,PROD_034,Panadería,Oeste,Salto,1.74,10,17.4,0,27,15,5,0
2023-03-19,STORE_04,PROD_048,Limpieza,Este,Montevideo,4.41,9,39.69,0,95,87,5,0
2023-02-27,STORE_03,PROD_009,Limpieza,Norte,Paysandú,4.73,6,28.38,0,57,53,3,0
2023-02-01,STORE_05,PROD_002,Limpieza,Este,Salto,3.97,8,31.76,0,59,50,7,0
2023-02-01,STORE_04,PROD_007,Lácteos,Norte,Maldonado,3.39,2,6.78,1,84,84,2,0
2023-01-02,STORE_04,PROD_011,Panadería,Este,Durazno,1.4,5,7.0,0,70,62,2,0
2023-03-31,STORE_05,PROD_022,Limpieza,Sur,Montevideo,3.76,3,11.28,0,80,76,3,0
2023-01-12,STORE_05,PROD_040,Snacks,Sur,Paysandú,1.81,2,3.62,0,44,42,3,0
2023-02-20,STORE_05,PROD_036,Snacks,Norte,Maldonado,2.15,10,21.5,1,82,74,7,0
2023-03-14,STORE_05,PROD_018,Limpieza,Oeste,Maldonado,4.62,4,18.48,0,79,77,7,0
2023-02-27,STORE_03,PROD_034,Panadería,Sur,Durazno,1.79,3,5.37,0,71,67,2,0
2023-02-10,STORE_05,PROD_033,Bebidas,Sur,Maldonado,2.5,8,20.0,1,75,68,5,0
2023-01-01,STORE_03,PROD_031,Bebidas,Norte,Montevideo,2.91,7,20.37,0,86,80,7,0
2023-03-26,STORE_05,PROD_011,Lácteos,Sur,Montevideo,3.36,8,26.88,0,53,42,2,0
2023-02-06,STORE_01,PROD_045,Panadería,Este,Durazno,1.51,5,7.55,0,82,77,3,0
2023-01-10,STORE_02,PROD_044,Bebidas,Oeste,Maldonado,2.89,5,14.45,0,25,17,3,0
2023-03-21,STORE_04,PROD_048,Lácteos,Norte,Paysandú,3.3,2,6.6,0,37,36,3,0
2023-03-03,STORE_03,PROD_039,Snacks,Norte,Paysandú,1.81,12,21.72,1,76,61,5,0
2023-01-17,STORE_03,PROD_031,Snacks,Sur,Salto,1.99,7,13.93,0,50,44,7,0
2023-03-02,STORE_02,PROD_033,Bebidas,Norte,Salto,2.74,6,16.44,0,33,24,7,0
2023-02-27,STORE_02,PROD_048,Snacks,Sur,Maldonado,2.1,6,12.6,0,56,52,7,0
2023-02-12,STORE_04,PROD_044,Lácteos,Sur,Montevideo,3.64,6,21.84,0,47,41,7,0
2023-03-06,STORE_02,PROD_050,Panadería,Sur,Durazno,1.7,3,5.1,0,93,92,3,0
2023-03-12,STORE_03,PROD_022,Lácteos,Oeste,Salto,3.64,10,36.4,1,88,75,2,0
2023-02-26,STORE_04,PROD_049,Limpieza,Sur,Paysandú,3.67,3,11.01,0,51,47,3,0
2023-03-29,STORE_05,PROD_029,Snacks,Sur,Montevideo,2.11,8,16.88,1,27,21,3,0
2023-03-23,STORE_01,PROD_041,Panadería,Oeste,Maldonado,1.77,10,17.7,0,80,68,2,0
2023-01-23,STORE_05,PROD_047,Bebidas,Norte,Salto,2.55,10,25.5,1,36,25,7,0
2023-01-04,STORE_05,PROD_018,Limpieza,Este,Maldonado,4.66,6,27.96,0,96,90,5,0
2023-02-21,STORE_03,PROD_004,Panadería,Este,Montevideo,1.43,5,7.15,0,96,88,3,0
2023-01-07,STORE_05,PROD_032,Panadería,Sur,Paysandú,1.39,6,8.34,0,79,73,7,0
2023-02-22,STORE_01,PROD_036,Lácteos,Sur,Durazno,3.73,9,33.57,0,22,10,7,0
2023-02-21,STORE_05,PROD_034,Bebidas,Sur,Maldonado,2.52,13,32.76,1,29,14,5,0
2023-03-21,STORE_02,PROD_049,Limpieza,Este,Paysandú,3.63,3,10.89,0,48,45,7,0
2023-03-15,STORE_04,PROD_033,Bebidas,Norte,Maldonado,2.68,7,18.76,0,63,53,7,0
2023-03-24,STORE_04,PROD_010,Snacks,Sur,Maldonado,1.62,2,3.24,0,62,58,3,0
2023-02-17,STORE_01,PROD_004,Panadería,Oeste,Paysandú,1.77,6,10.62,0,56,52,7,0
2023-01-21,STORE_05,PROD_046,Snacks,Sur,Paysandú,1.85,8,14.8,0,34,23,7,0
2023-01-16,STORE_04,PROD_033,Bebidas,Norte,Maldonado,2.59,8,20.72,0,97,87,7,0
2023-01-12,STORE_03,PROD_028,Bebidas,Norte,Maldonado,2.63,11,28.93,1,40,31,5,0
2023-01-30,STORE_03,PROD_004,Bebidas,Este,Paysandú,2.38,8,19.04,0,93,85,3,0
2023-02-23,STORE_02,PROD_024,Lácteos,Sur,Maldonado,3.07,10,30.7,1,43,32,2,0
2023-03-16,STORE_01,PROD_023,Bebidas,Norte,Maldonado,2.39,7,16.73,1,87,78,5,0
2023-01-08,STORE_01,PROD_024,Bebidas,Norte,Salto,2.98,2,5.96,0,85,80,5,0
2023-01-20,STORE_03,PROD_006,Lácteos,Este,Paysandú,2.96,5,14.8,1,26,22,2,0
2023-01-18,STORE_02,PROD_032,Panadería,Norte,Durazno,1.57,4,6.28,0,29,27,5,0
2023-02-05,STORE_02,PROD_024,Snacks,Oeste,Montevideo,1.83,3,5.49,0,67,64,3,0
2023-03-08,STORE_02,PROD_047,Snacks,Oeste,Salto,1.66,6,9.96,0,98,93,2,0
2023-02-04,STORE_02,PROD_023,Panadería,Sur,Salto,1.59,5,7.95,0,48,43,3,0
2023-03-10,STORE_02,PROD_010,Panadería,Norte,Maldonado,1.61,5,8.05,0,52,44,7,0
2023-02-15,STORE_02,PROD_008,Limpieza,Sur,Maldonado,4.39,4,17.56,0,97,90,7,0
2023-01-08,STORE_01,PROD_005,Lácteos,Sur,Durazno,3.24,11,35.64,0,64,51,5,0
2023-02-14,STORE_03,PROD_013,Limpieza,Oeste,Salto,4.3,3,12.9,0,26,21,5,0
2023-02-27,STORE_03,PROD_048,Panadería,Este,Paysandú,1.6,4,6.4,0,37,30,5,0
2023-01-03,STORE_05,PROD_030,Limpieza,Sur,Maldonado,4.54,4,18.16,1,50,47,5,0
2023-02-05,STORE_05,PROD_041,Bebidas,Este,Maldonado,2.38,6,14.28,0,55,47,3,0
2023-01-20,STORE_05,PROD_044,Bebidas,Este,Montevideo,2.97,2,5.94,0,48,45,5,0
2023-02-04,STORE_03,PROD_032,Panadería,Oeste,Salto,1.8,15,27.0,1,72,59,3,0
2023-01-15,STORE_03,PROD_050,Bebidas,Sur,Salto,2.35,8,18.8,0,98,89,3,0
2023-01-24,STORE_01,PROD_028,Snacks,Este,Paysandú,1.81,18,32.58,1,44,26,2,0
2023-02-10,STORE_01,PROD_005,Bebidas,Oeste,Maldonado,2.66,4,10.64,0,81,76,3,0
2023-03-22,STORE_04,PROD_049,Lácteos,Este,Montevideo,3.1,5,15.5,0,25,20,5,0
2023-01-12,STORE_01,PROD_050,Snacks,Norte,Montevideo,1.72,6,10.32,1,54,48,5,0
2023-01-14,STORE_05,PROD_047,Snacks,Este,Salto,1.96,9,17.64,0,76,69,2,0
2023-03-13,STORE_03,PROD_014,Bebidas,Sur,Maldonado,2.25,4,9.0,0,76,69,3,0
2023-01-19,STORE_05,PROD_050,Limpieza,Oeste,Paysandú,4.43,6,26.58,0,67,62,2,0
2023-02-02,STORE_01,PROD_029,Panadería,Oeste,Durazno,1.6,5,8.0,0,21,15,3,0
2023-03-15,STORE_04,PROD_033,Snacks,Este,Durazno,1.72,2,3.44,0,98,98,3,0
2023-01-08,STORE_03,PROD_003,Lácteos,Sur,Montevideo,3.01,5,15.05,0,23,18,3,0
2023-02-17,STORE_01,PROD_049,Limpieza,Sur,Maldonado,4.47,2,8.94,0,75,70,3,0
2023-02-21,STORE_04,PROD_038,Lácteos,Norte,Montevideo,3.19,5,15.95,1,58,51,2,0
2023-03-13,STORE_01,PROD_031,Snacks,Norte,Paysandú,2.0,10,20.0,0,63,51,3,0
2023-02-20,STORE_04,PROD_006,Lácteos,Oeste,Salto,3.53,2,7.06,0,73,69,7,0
2023-03-04,STORE_01,PROD_050,Limpieza,Este,Montevideo,4.45,8,35.6,0,86,80,3,0
2023-01-10,STORE_01,PROD_029,Snacks,Oeste,Montevideo,1.92,4,7.68,0,57,53,7,0
2023-03-15,STORE_01,PROD_047,Lácteos,Norte,Durazno,3.83,11,42.13,1,83,74,7,0
2023-02-05,STORE_05,PROD_007,Snacks,Sur,Maldonado,1.94,9,17.46,0,79,70,5,0
2023-01-17,STORE_04,PROD_029,Lácteos,Norte,Maldonado,3.17,4,12.68,0,97,94,3,0
2023-02-01,STORE_05,PROD_003,Limpieza,Norte,Durazno,4.75,3,14.25,0,60,59,2,0
2023-03-30,STORE_05,PROD_023,Lácteos,Norte,Maldonado,3.32,2,6.64,0,33,28,5,0
2023-02-10,STORE_02,PROD_019,Limpieza,Oeste,Montevideo,4.61,6,27.66,0,75,67,5,0
2023-02-14,STORE_01,PROD_039,Lácteos,Norte,Montevideo,3.14,10,31.4,0,39,30,5,0
2023-01-19,STORE_04,PROD_038,Panadería,Oeste,Paysandú,1.56,6,9.36,1,23,14,7,0
2023-01-18,STORE_05,PROD_049,Limpieza,Este,Montevideo,4.58,1,4.58,0,24,20,7,0
2023-02-08,STORE_03,PROD_018,Limpieza,Norte,Maldonado,4.76,9,42.84,1,70,61,5,0
2023-01-09,STORE_01,PROD_009,Bebidas,Norte,Salto,2.48,1,2.48,0,99,97,5,0
2023-01-31,STORE_03,PROD_006,Panadería,Este,Salto,1.4,4,5.6,0,30,25,7,0
2023-01-24,STORE_02,PROD_027,Bebidas,Norte,Salto,2.77,5,13.85,0,62,56,7,0
2023-03-10,STORE_04,PROD_009,Panadería,Oeste,Paysandú,1.35,4,5.4,1,44,37,3,0
2023-03-04,STORE_03,PROD_041,Lácteos,Norte,Salto,3.26,10,32.6,0,34,26,5,0
2023-01-29,STORE_03,PROD_021,Bebidas,Oeste,Salto,2.32,7,16.24,0,99,94,2,0
2023-03-03,STORE_02,PROD_024,Bebidas,Oeste,Paysandú,2.35,5,11.75,0,49,41,5,0
2023-02-17,STORE_05,PROD_050,Snacks,Sur,Montevideo,1.83,6,10.98,0,77,70,2,0
2023-01-03,STORE_03,PROD_002,Limpieza,Norte,Maldonado,4.38,3,13.14,0,31,28,5,0
2023-01-16,STORE_01,PROD_022,Limpieza,Oeste,Paysandú,4.48,7,31.36,0,44,35,7,0
2023-03-01,STORE_05,PROD_044,Limpieza,Oeste,Paysandú,4.51,7,31.57,0,96,88,5,0
2023-01-20,STORE_05,PROD_013,Lácteos,Oeste,Maldonado,2.92,4,11.68,0,21,15,5,0
2023-01-31,STORE_04,PROD_034,Limpieza,Sur,Maldonado,3.96,8,31.68,1,25,16,3,0
2023-03-11,STORE_04,PROD_027,Snacks,Oeste,Durazno,1.71,4,6.84,0,48,46,2,0
2023-01-13,STORE_05,PROD_034,Limpieza,Este,Montevideo,4.72,7,33.04,0,92,84,7,0
2023-01-26,STORE_02,PROD_036,Snacks,Oeste,Durazno,1.7,5,8.5,0,55,47,5,0
2023-01-28,STORE_03,PROD_006,Panadería,Este,Maldonado,1.63,4,6.52,0,44,38,5,0
2023-02-24,STORE_01,PROD_027,Panadería,Oeste,Salto,1.5,4,6.0,1,47,42,7,0
2023-01-21,STORE_05,PROD_035,Snacks,Sur,Durazno,1.91,7,13.37,0,73,64,7,0
2023-03-30,STORE_02,PROD_045,Snacks,Sur,Durazno,1.76,6,10.56,0,35,31,2,0
2023-01-23,STORE_02,PROD_037,Panadería,Oeste,Montevideo,1.65,12,19.8,1,22,7,5,0
2023-03-12,STORE_03,PROD_036,Bebidas,Este,Paysandú,2.6,5,13.0,0,65,57,3,0
2023-03-02,STORE_01,PROD_032,Bebidas,Norte,Montevideo,2.84,11,31.24,1,58,47,7,0
2023-02-17,STORE_01,PROD_034,Lácteos,Este,Durazno,3.44,2,6.88,0,33,32,2,0
2023-01-08,STORE_03,PROD_019,Limpieza,Este,Paysandú,4.47,13,58.11,1,89,76,3,0
2023-01-28,STORE_03,PROD_012,Snacks,Oeste,Durazno,2.1,6,12.6,0,88,83,2,0
2023-01-29,STORE_02,PROD_029,Panadería,Sur,Paysandú,1.48,10,14.8,0,48,39,5,0
2023-01-30,STORE_02,PROD_027,Limpieza,Oeste,Salto,4.08,7,28.56,0,79,69,2,0
2023-03-11,STORE_03,PROD_004,Lácteos,Norte,Montevideo,3.75,8,30.0,0,53,42,2,0
2023-03-08,STORE_02,PROD_015,Snacks,Oeste,Montevideo,1.71,5,8.55,0,46,40,2,0
2023-01-06,STORE_05,PROD_023,Snacks,Oeste,Montevideo,1.91,8,15.28,0,40,29,3,0
2023-02-27,STORE_05,PROD_009,Lácteos,Sur,Paysandú,3.83,2,7.66,0,89,87,2,0
2023-02-21,STORE_05,PROD_003,Snacks,Oeste,Durazno,1.98,6,11.88,0,94,85,3,0
2023-02-28,STORE_03,PROD_007,Snacks,Este,Paysandú,2.16,5,10.8,0,91,85,7,0
2023-01-08,STORE_04,PROD_010,Lácteos,Oeste,Paysandú,3.36,13,43.68,1,50,39,3,0
2023-02-05,STORE_02,PROD_028,Panadería,Este,Durazno,1.74,9,15.66,0,36,27,3,0
2023-01-07,STORE_01,PROD_037,Limpieza,Norte,Salto,3.98,10,39.8,0,82,74,3,0
2023-03-07,STORE_02,PROD_005,Limpieza,Este,Maldonado,4.34,13,56.42,1,52,38,7,0
2023-01-09,STORE_02,PROD_039,Limpieza,Sur,Durazno,4.07,3,12.21,0,77,75,2,0
2023-03-28,STORE_04,PROD_019,Bebidas,Oeste,Maldonado,2.49,1,2.49,0,55,52,2,0
2023-03-09,STORE_01,PROD_008,Snacks,Norte,Salto,1.62,8,12.96,0,72,66,5,0
2023-03-06,STORE_04,PROD_018,Bebidas,Este,Durazno,2.81,1,2.81,0,68,69,7,0
2023-01-29,STORE_03,PROD_017,Lácteos,Oeste,Paysandú,3.76,7,26.32,0,94,85,7,0
2023-02-23,STORE_03,PROD_033,Panadería,Oeste,Salto,1.54,2,3.08,0,72,67,2,0
2023-03-07,STORE_05,PROD_018,Snacks,Norte,Paysandú,1.9,3,5.7,0,92,87,5,0
2023-01-06,STORE_02,PROD_031,Panadería,Sur,Montevideo,1.42,6,8.52,0,79,72,5,0
2023-01-31,STORE_03,PROD_040,Panadería,Sur,Montevideo,1.76,10,17.6,0,71,59,3,0
2023-01-31,STORE_04,PROD_009,Limpieza,Norte,Salto,4.24,10,42.4,1,93,81,3,0
2023-03-30,STORE_05,PROD_028,Panadería,Este,Paysandú,1.55,6,9.3,0,36,28,7,0
2023-01-24,STORE_02,PROD_030,Limpieza,Este,Paysandú,4.54,9,40.86,0,25,14,5,0
2023-03-09,STORE_03,PROD_049,Limpieza,Este,Durazno,4.71,2,9.42,0,45,42,3,0
2023-01-14,STORE_04,PROD_012,Lácteos,Este,Maldonado,3.47,14,48.58,1,63,46,3,0
2023-01-18,STORE_03,PROD_039,Bebidas,Sur,Maldonado,2.38,6,14.28,0,77,71,2,0
2023-02-10,STORE_03,PROD_010,Bebidas,Este,Durazno,2.26,10,22.6,1,58,45,5,0
2023-02-26,STORE_02,PROD_037,Panadería,Este,Salto,1.38,1,1.38,0,96,94,7,0
2023-01-15,STORE_01,PROD_046,Snacks,Oeste,Salto,1.95,11,21.45,1,89,75,2,0
2023-02-28,STORE_04,PROD_027,Bebidas,Este,Montevideo,2.73,8,21.84,1,89,83,5,0
2023-03-21,STORE_02,PROD_025,Bebidas,Este,Maldonado,2.39,6,14.34,0,45,38,7,0
2023-01-25,STORE_05,PROD_045,Limpieza,Este,Paysandú,4.02,5,20.1,0,49,42,5,0
2023-03-02,STORE_04,PROD_036,Bebidas,Norte,Durazno,2.86,8,22.88,1,74,67,5,0
2023-03-20,STORE_05,PROD_040,Limpieza,Norte,Durazno,4.34,3,13.02,0,86,81,3,0
2023-02-20,STORE_03,PROD_024,Snacks,Este,Durazno,2.11,8,16.88,0,53,47,5,0
2023-02-02,STORE_04,PROD_043,Lácteos,Este,Durazno,2.96,6,17.76,0,47,40,7,0
2023-01-22,STORE_01,PROD_024,Snacks,Este,Montevideo,1.78,7,12.46,0,34,26,7,0
2023-02-03,STORE_04,PROD_030,Limpieza,Norte,Durazno,4.15,7,29.05,0,73,68,3,0
2023-01-25,STORE_04,PROD_034,Lácteos,Sur,Montevideo,3.44,10,34.4,0,66,58,5,0
2023-03-30,STORE_03,PROD_050,Snacks,Oeste,Maldonado,2.05,8,16.4,0,51,45,7,0
2023-02-25,STORE_05,PROD_017,Bebidas,Oeste,Durazno,2.65,13,34.45,0,37,24,3,0
2023-02-15,STORE_05,PROD_009,Limpieza,Norte,Paysandú,4.22,2,8.44,0,49,48,5,0
2023-01-10,STORE_04,PROD_018,Bebidas,Sur,Durazno,2.69,6,16.14,0,89,82,7,0
2023-03-02,STORE_02,PROD_006,Panadería,Norte,Paysandú,1.61,4,6.44,0,31,27,7,0
2023-01-08,STORE_04,PROD_021,Lácteos,Oeste,Durazno,2.98,4,11.92,0,74,70,2,0
2023-02-16,STORE_04,PROD_009,Snacks,Este,Durazno,1.63,6,9.78,1,84,75,3,0
2023-03-29,STORE_01,PROD_025,Snacks,Norte,Montevideo,1.68,5,8.4,0,82,74,7,0
2023-02-27,STORE_03,PROD_039,Panadería,Este,Paysandú,1.36,8,10.88,1,22,15,7,0
2023-03-07,STORE_02,PROD_026,Lácteos,Sur,Maldonado,3.64,11,40.04,1,64,54,5,0
2023-01-21,STORE_05,PROD_012,Lácteos,Oeste,Salto,2.92,3,8.76,0,54,50,3,0
2023-03-28,STORE_02,PROD_048,Bebidas,Sur,Durazno,2.94,4,11.76,0,55,53,5,0
2023-03-29,STORE_04,PROD_009,Snacks,Este,Durazno,2.09,3,6.27,0,84,80,5,0
2023-03-20,STORE_01,PROD_021,Snacks,Este,Paysandú,1.97,12,23.64,1,51,38,5,0
2023-03-26,STORE_03,PROD_006,Snacks,Oeste,Maldonado,1.71,8,13.68,0,45,39,5,0
2023-02-14,STORE_02,PROD_047,Bebidas,Norte,Montevideo,2.6,3,7.8,0,42,39,3,0
2023-01-15,STORE_03,PROD_050,Bebidas,Sur,Paysandú,2.9,9,26.1,0,46,39,3,0
2023-01-17,STORE_05,PROD_034,Lácteos,Sur,Montevideo,3.18,9,28.62,1,94,86,3,0
2023-03-10,STORE_03,PROD_047,Panadería,Sur,Paysandú,1.66,2,3.32,0,60,60,3,0
2023-02-21,STORE_01,PROD_034,Panadería,Norte,Maldonado,1.77,4,7.08,0,78,71,5,0
2023-01-11,STORE_01,PROD_046,Lácteos,Norte,Durazno,2.94,8,23.52,0,61,54,3,0
2023-03-18,STORE_04,PROD_029,Bebidas,Oeste,Montevideo,2.65,12,31.8,1,79,69,5,0
2023-02-20,STORE_04,PROD_016,Snacks,Sur,Durazno,2.02,5,10.1,0,54,48,7,0
2023-02-09,STORE_05,PROD_029,Lácteos,Norte,Paysandú,3.34,5,16.7,0,49,41,7,0
2023-03-25,STORE_01,PROD_021,Panadería,Sur,Salto,1.76,4,7.04,0,49,47,5,0
2023-01-31,STORE_04,PROD_047,Limpieza,Sur,Salto,4.0,14,56.0,1,25,13,2,0
2023-02-17,STORE_05,PROD_002,Limpieza,Este,Maldonado,4.44,4,17.76,0,54,49,7,0
2023-02-26,STORE_02,PROD_049,Limpieza,Este,Maldonado,3.66,3,10.98,0,96,93,3,0
2023-03-22,STORE_05,PROD_028,Lácteos,Este,Montevideo,3.37,5,16.85,0,70,64,3,0
2023-01-26,STORE_04,PROD_026,Limpieza,Oeste,Paysandú,3.89,3,11.67,0,81,77,5,0
2023-03-20,STORE_02,PROD_037,Limpieza,Oeste,Maldonado,4.47,6,26.82,0,32,28,2,0
2023-01-30,STORE_02,PROD_035,Snacks,Sur,Salto,2.0,4,8.0,0,73,67,7,0
2023-02-12,STORE_05,PROD_003,Bebidas,Oeste,Durazno,2.86,8,22.88,0,99,90,7,0
2023-02-02,STORE_02,PROD_002,Limpieza,Oeste,Maldonado,4.46,3,13.38,0,73,72,5,0
2023-03-25,STORE_03,PROD_007,Snacks,Sur,Durazno,1.75,4,7.0,0,69,66,2,0
2023-01-15,STORE_02,PROD_044,Lácteos,Sur,Maldonado,2.94,3,8.82,0,63,60,5,0
2023-03-07,STORE_04,PROD_001,Bebidas,Sur,Paysandú,2.36,1,2.36,0,78,76,2,0
2023-03-04,STORE_02,PROD_008,Bebidas,Oeste,Montevideo,2.84,7,19.88,0,65,55,2,0
2023-02-07,STORE_05,PROD_049,Snacks,Oeste,Maldonado,1.98,6,11.88,0,32,28,3,0
2023-02-17,STORE_03,PROD_017,Panadería,Sur,Durazno,1.45,8,11.6,1,33,27,3,0
2023-02-03,STORE_01,PROD_022,Panadería,Sur,Durazno,1.46,6,8.76,0,68,61,7,0
2023-01-09,STORE_03,PROD_014,Snacks,Norte,Paysandú,2.04,7,14.28,0,51,43,7,0
2023-02-11,STORE_01,PROD_003,Bebidas,Oeste,Paysandú,2.6,6,15.6,0,65,59,7,0
2023-01-18,STORE_02,PROD_032,Snacks,Oeste,Salto,2.01,3,6.03,0,38,33,2,0
2023-03-04,STORE_02,PROD_046,Limpieza,Este,Paysandú,4.18,7,29.26,0,35,28,5,0
2023-03-27,STORE_01,PROD_024,Panadería,Este,Maldonado,1.59,8,12.72,0,92,84,7,0
2023-03-25,STORE_03,PROD_040,Limpieza,Norte,Salto,4.78,5,23.9,0,97,92,2,0
2023-02-22,STORE_03,PROD_001,Lácteos,Sur,Durazno,3.2,5,16.0,1,79,76,7,0
2023-01-03,STORE_01,PROD_018,Limpieza,Este,Maldonado,3.89,6,23.34,0,60,52,3,0
2023-03-29,STORE_05,PROD_016,Panadería,Norte,Paysandú,1.65,14,23.1,1,81,67,2,0
2023-03-28,STORE_01,PROD_019,Bebidas,Este,Montevideo,2.43,3,7.29,0,24,22,2,0
2023-01-05,STORE_05,PROD_007,Snacks,Este,Durazno,2.02,7,14.14,1,87,80,7,0
2023-03-29,STORE_04,PROD_009,Limpieza,Este,Montevideo,4.54,6,27.24,1,98,90,5,0
2023-03-23,STORE_01,PROD_016,Panadería,Este,Maldonado,1.47,5,7.35,0,92,88,5,0
2023-02-02,STORE_04,PROD_028,Snacks,Oeste,Maldonado,2.07,4,8.28,0,95,88,2,0
2023-03-28,STORE_04,PROD_011,Panadería,Este,Salto,1.52,2,3.04,0,41,41,3,0
2023-02-11,STORE_04,PROD_048,Snacks,Oeste,Maldonado,1.95,13,25.35,1,38,27,2,0
2023-03-19,STORE_05,PROD_034,Snacks,Oeste,Montevideo,1.66,7,11.62,0,57,50,7,0
2023-03-03,STORE_02,PROD_010,Limpieza,Este,Montevideo,4.79,5,23.95,0,64,56,5,0
2023-03-06,STORE_04,PROD_016,Lácteos,Norte,Salto,2.96,5,14.8,0,71,66,5,0
2023-02-09,STORE_04,PROD_013,Snacks,Oeste,Montevideo,1.63,11,17.93,1,66,57,2,0
2023-01-01,STORE_05,PROD_050,Bebidas,Este,Durazno,2.47,7,17.29,0,57,47,2,0
2023-03-16,STORE_05,PROD_044,Bebidas,Norte,Montevideo,2.39,6,14.34,0,47,39,3,0
2023-01-30,STORE_03,PROD_017,Bebidas,Oeste,Paysandú,2.79,7,19.53,0,64,54,5,0
2023-03-21,STORE_04,PROD_034,Panadería,Norte,Salto,1.51,2,3.02,0,49,49,5,0
2023-02-14,STORE_05,PROD_037,Bebidas,Norte,Salto,2.71,7,18.97,0,54,45,5,0
2023-02-22,STORE_04,PROD_012,Limpieza,Oeste,Montevideo,3.93,10,39.3,1,65,53,3,0
2023-03-22,STORE_02,PROD_048,Snacks,Norte,Montevideo,1.98,9,17.82,1,37,27,2,0
2023-02-20,STORE_04,PROD_017,Snacks,Oeste,Maldonado,1.82,3,5.46,0,99,93,3,0
2023-01-16,STORE_05,PROD_012,Snacks,Norte,Durazno,1.93,2,3.86,1,28,23,7,0
2023-01-16,STORE_01,PROD_047,Lácteos,Sur,Durazno,3.77,3,11.31,0,69,64,5,0
2023-03-17,STORE_03,PROD_019,Lácteos,Sur,Maldonado,3.17,4,12.68,0,89,84,5,0
2023-03-03,STORE_02,PROD_009,Lácteos,Norte,Salto,3.28,6,19.68,0,61,57,2,0
2023-03-29,STORE_03,PROD_028,Snacks,Norte,Durazno,2.12,7,14.84,0,32,27,2,0
2023-01-21,STORE_01,PROD_005,Panadería,Sur,Maldonado,1.62,8,12.96,1,50,39,5,0
2023-02-19,STORE_01,PROD_010,Snacks,Norte,Durazno,1.9,6,11.4,0,30,26,7,0
2023-01-19,STORE_01,PROD_023,Bebidas,Norte,Salto,2.35,8,18.8,1,26,18,7,0
2023-02-02,STORE_01,PROD_036,Lácteos,Sur,Montevideo,3.13,4,12.52,1,99,92,2,0
2023-02-04,STORE_01,PROD_040,Snacks,Oeste,Durazno,1.7,8,13.6,0,93,83,7,0
2023-03-10,STORE_01,PROD_029,Panadería,Este,Durazno,1.62,0,0.0,0,70,67,7,0
2023-01-23,STORE_01,PROD_008,Snacks,Norte,Maldonado,2.12,8,16.96,0,73,64,7,0
2023-01-25,STORE_03,PROD_024,Snacks,Este,Salto,1.77,9,15.93,1,23,15,3,0
2023-02-27,STORE_01,PROD_024,Snacks,Sur,Paysandú,2.14,10,21.4,1,86,77,7,0
2023-01-29,STORE_02,PROD_005,Limpieza,Oeste,Montevideo,3.83,14,53.62,0,69,56,7,0
2023-03-04,STORE_01,PROD_006,Lácteos,Oeste,Salto,3.76,12,45.12,0,69,57,5,0
2023-03-01,STORE_02,PROD_020,Panadería,Sur,Paysandú,1.49,3,4.47,0,67,66,3,0
2023-03-07,STORE_04,PROD_027,Limpieza,Sur,Montevideo,3.69,1,3.69,0,42,41,7,0
2023-01-25,STORE_02,PROD_020,Panadería,Sur,Durazno,1.57,8,12.56,0,27,21,7,0
2023-02-06,STORE_05,PROD_013,Bebidas,Norte,Maldonado,2.65,2,5.3,0,32,31,5,0
2023-03-03,STORE_05,PROD_017,Bebidas,Norte,Salto,2.49,9,22.41,0,59,47,2,0
2023-02-05,STORE_04,PROD_006,Snacks,Oeste,Montevideo,1.82,4,7.28,0,99,96,2,0
2023-03-08,STORE_04,PROD_028,Panadería,Este,Paysandú,1.65,10,16.5,0,60,49,2,0
2023-03-17,STORE_03,PROD_020,Bebidas,Norte,Paysandú,2.46,4,9.84,0,73,69,2,0
2023-02-20,STORE_04,PROD_044,Panadería,Norte,Salto,1.57,6,9.42,0,23,16,7,0
2023-03-02,STORE_04,PROD_001,Lácteos,Norte,Durazno,3.18,2,6.36,0,52,48,5,0
2023-01-18,STORE_03,PROD_008,Lácteos,Este,Salto,3.08,4,12.32,0,80,74,7,0
2023-02-01,STORE_01,PROD_043,Panadería,Sur,Maldonado,1.49,7,10.43,0,89,83,3,0
2023-03-08,STORE_03,PROD_043,Limpieza,Norte,Salto,4.02,5,20.1,0,86,81,2,0
2023-02-04,STORE_05,PROD_022,Limpieza,Oeste,Montevideo,4.26,9,38.34,0,93,85,5,0
2023-01-25,STORE_02,PROD_010,Snacks,Sur,Maldonado,1.88,6,11.28,0,95,88,3,0
2023-01-29,STORE_03,PROD_037,Lácteos,Norte,Maldonado,3.07,5,15.35,0,57,49,5,0
2023-01-17,STORE_03,PROD_039,Snacks,Este,Durazno,1.91,9,17.19,0,45,35,2,0
2023-02-14,STORE_02,PROD_006,Limpieza,Sur,Paysandú,3.77,2,7.54,0,56,54,2,0
2023-01-09,STORE_05,PROD_013,Panadería,Sur,Salto,1.49,11,16.39,0,57,48,5,0
2023-02-22,STORE_02,PROD_030,Lácteos,Norte,Salto,3.59,4,14.36,0,20,16,7,0
2023-02-11,STORE_02,PROD_046,Lácteos,Este,Montevideo,3.45,11,37.95,0,51,42,2,0
2023-01-17,STORE_02,PROD_045,Lácteos,Este,Salto,3.45,4,13.8,0,72,66,5,0
2023-03-21,STORE_01,PROD_029,Bebidas,Oeste,Durazno,2.83,4,11.32,0,54,51,2,0
2023-03-26,STORE_04,PROD_013,Snacks,Sur,Paysandú,1.94,10,19.4,0,28,18,2,0
2023-01-25,STORE_02,PROD_009,Bebidas,Sur,Salto,2.7,6,16.2,0,26,19,2,0
2023-02-28,STORE_02,PROD_021,Lácteos,Este,Durazno,3.66,4,14.64,0,23,21,3,0
2023-03-15,STORE_05,PROD_050,Lácteos,Sur,Paysandú,3.01,7,21.07,0,32,25,2,0
2023-02-22,STORE_01,PROD_047,Snacks,Este,Paysandú,2.06,4,8.24,0,55,50,7,0
2023-02-02,STORE_01,PROD_044,Limpieza,Este,Maldonado,3.83,2,7.66,0,66,63,2,0
2023-03-25,STORE_04,PROD_016,Limpieza,Oeste,Durazno,4.54,18,81.72,1,60,41,5,0
2023-01-13,STORE_04,PROD_032,Panadería,Oeste,Durazno,1.58,3,4.74,0,72,66,2,0
2023-01-03,STORE_01,PROD_013,Panadería,Norte,Durazno,1.49,5,7.45,0,30,26,7,0
2023-03-20,STORE_05,PROD_007,Limpieza,Este,Paysandú,3.71,4,14.84,0,23,16,5,0
2023-03-10,STORE_01,PROD_007,Bebidas,Oeste,Salto,2.94,7,20.58,0,67,62,5,0
2023-03-12,STORE_01,PROD_012,Limpieza,Norte,Montevideo,4.56,5,22.8,0,97,91,7,0
2023-03-31,STORE_05,PROD_014,Snacks,Oeste,Durazno,2.05,5,10.25,0,84,81,2,0
2023-01-03,STORE_05,PROD_035,Panadería,Sur,Salto,1.73,6,10.38,0,67,58,7,0
2023-01-10,STORE_01,PROD_030,Limpieza,Sur,Salto,4.63,10,46.3,1,65,56,5,0
2023-03-25,STORE_04,PROD_039,Bebidas,Este,Salto,2.78,8,22.24,0,45,36,5,0
2023-03-16,STORE_04,PROD_025,Panadería,Norte,Salto,1.72,5,8.6,0,93,89,5,0
2023-03-04,STORE_05,PROD_046,Limpieza,Este,Durazno,3.95,9,35.55,0,24,12,3,0
2023-02-05,STORE_04,PROD_020,Bebidas,Oeste,Paysandú,2.27,2,4.54,1,20,16,5,0
2023-02-23,STORE_04,PROD_036,Bebidas,Sur,Paysandú,2.42,3,7.26,0,41,37,2,0
2023-03-27,STORE_05,PROD_025,Panadería,Norte,Montevideo,1.73,9,15.57,0,76,64,5,0
2023-02-11,STORE_03,PROD_008,Bebidas,Oeste,Salto,2.36,4,9.44,0,37,31,2,0
2023-01-02,STORE_04,PROD_032,Snacks,Oeste,Salto,2.07,5,10.35,0,56,49,3,0
2023-01-12,STORE_05,PROD_005,Lácteos,Sur,Salto,3.29,3,9.87,0,20,14,7,0
2023-03-09,STORE_05,PROD_014,Bebidas,Norte,Durazno,2.45,6,14.7,0,64,60,7,0
2023-01-07,STORE_02,PROD_015,Limpieza,Oeste,Maldonado,3.83,3,11.49,0,50,46,5,0
2023-02-02,STORE_02,PROD_015,Lácteos,Norte,Salto,2.91,3,8.73,0,81,76,3,0
2023-02-17,STORE_02,PROD_031,Lácteos,Oeste,Salto,2.97,2,5.94,0,79,76,7,0
2023-03-18,STORE_01,PROD_035,Snacks,Oeste,Durazno,1.78,2,3.56,0,59,59,3,0
2023-01-05,STORE_01,PROD_022,Snacks,Sur,Durazno,1.65,10,16.5,1,45,34,2,0
2023-03-20,STORE_04,PROD_015,Snacks,Sur,Maldonado,1.85,5,9.25,0,26,23,5,0
2023-01-23,STORE_02,PROD_044,Limpieza,Norte,Maldonado,4.02,3,12.06,0,75,73,7,0
2023-01-16,STORE_04,PROD_050,Limpieza,Norte,Durazno,4.62,7,32.34,1,85,76,3,0
2023-03-13,STORE_05,PROD_029,Lácteos,Sur,Durazno,3.75,6,22.5,0,98,93,2,0
2023-01-14,STORE_03,PROD_021,Lácteos,Oeste,Montevideo,3.36,9,30.24,0,78,70,7,0
2023-01-04,STORE_01,PROD_045,Panadería,Este,Durazno,1.78,2,3.56,0,56,52,7,0
2023-01-29,STORE_05,PROD_023,Panadería,Este,Paysandú,1.64,10,16.4,1,23,15,2,0
2023-03-07,STORE_02,PROD_027,Panadería,Este,Durazno,1.42,4,5.68,0,23,19,2,0
2023-03-08,STORE_01,PROD_004,Snacks,Este,Salto,1.86,4,7.44,0,61,58,2,0
2023-01-19,STORE_03,PROD_020,Lácteos,Este,Maldonado,3.82,6,22.92,1,84,79,2,0
2023-01-03,STORE_02,PROD_007,Limpieza,Oeste,Paysandú,3.71,4,14.84,0,25,21,5,0
2023-02-08,STORE_02,PROD_008,Limpieza,Oeste,Montevideo,4.18,7,29.26,0,80,74,7,0
2023-03-02,STORE_02,PROD_046,Lácteos,Oeste,Montevideo,2.92,3,8.76,0,55,52,5,0
2023-02-16,STORE_04,PROD_016,Lácteos,Oeste,Durazno,3.03,4,12.12,0,31,27,7,0
2023-02-08,STORE_05,PROD_043,Limpieza,Este,Durazno,3.98,3,11.94,0,33,32,3,0
2023-01-29,STORE_01,PROD_050,Snacks,Este,Maldonado,2.1,10,21.0,0,67,55,2,0
2023-02-13,STORE_03,PROD_033,Lácteos,Sur,Montevideo,3.35,9,30.15,1,59,47,3,0
2023-01-11,STORE_01,PROD_033,Limpieza,Este,Salto,3.9,10,39.0,1,26,15,5,0
2023-02-27,STORE_01,PROD_022,Snacks,Oeste,Maldonado,2.03,2,4.06,0,38,37,5,0
2023-03-24,STORE_02,PROD_031,Panadería,Este,Maldonado,1.79,3,5.37,0,74,72,7,0
2023-02-16,STORE_04,PROD_030,Limpieza,Norte,Paysandú,4.78,4,19.12,0,46,41,7,0
2023-01-05,STORE_01,PROD_048,Bebidas,Sur,Maldonado,2.4,8,19.2,1,21,13,3,0
2023-03-01,STORE_04,PROD_044,Panadería,Sur,Salto,1.71,5,8.55,0,72,68,2,0
2023-01-23,STORE_05,PROD_009,Bebidas,Oeste,Durazno,2.79,4,11.16,0,44,41,5,0
2023-03-29,STORE_04,PROD_025,Lácteos,Norte,Paysandú,3.6,4,14.4,0,65,63,2,0
2023-01-31,STORE_05,PROD_049,Snacks,Este,Paysandú,1.84,18,33.12,1,26,6,5,0
2023-01-07,STORE_01,PROD_036,Lácteos,Sur,Maldonado,3.74,12,44.88,0,53,38,2,0
2023-02-27,STORE_05,PROD_031,Bebidas,Norte,Maldonado,2.3,6,13.8,0,99,90,3,0
2023-01-31,STORE_03,PROD_045,Panadería,Este,Durazno,1.59,6,9.54,0,98,94,2,0
2023-02-06,STORE_05,PROD_023,Snacks,Este,Maldonado,2.09,2,4.18,0,63,62,3,0
2023-02-06,STORE_03,PROD_028,Limpieza,Oeste,Salto,4.0,7,28.0,0,74,69,7,0
2023-01-18,STORE_01,PROD_012,Bebidas,Sur,Maldonado,2.49,7,17.43,0,76,67,7,0
2023-01-27,STORE_05,PROD_013,Panadería,Oeste,Montevideo,1.7,4,6.8,0,48,46,5,0
2023-02-15,STORE_05,PROD_004,Snacks,Sur,Salto,2.11,10,21.1,1,60,51,2,0
2023-01-15,STORE_03,PROD_028,Snacks,Norte,Montevideo,1.63,8,13.04,0,85,74,3,0
2023-03-06,STORE_03,PROD_010,Panadería,Este,Paysandú,1.61,10,16.1,1,56,43,3,0
2023-03-04,STORE_03,PROD_028,Lácteos,Este,Montevideo,3.4,13,44.2,1,20,7,2,0
2023-03-29,STORE_05,PROD_026,Snacks,Norte,Salto,2.16,7,15.12,0,85,80,5,0
2023-02-21,STORE_02,PROD_007,Bebidas,Oeste,Paysandú,2.71,3,8.13,0,54,51,5,0
2023-03-02,STORE_04,PROD_040,Lácteos,Norte,Maldonado,3.16,9,28.44,1,71,62,7,0
2023-03-03,STORE_03,PROD_019,Limpieza,Este,Durazno,3.83,4,15.32,0,80,76,2,0
2023-01-08,STORE_05,PROD_012,Limpieza,Sur,Salto,4.49,3,13.47,0,23,18,5,0
2023-02-11,STORE_05,PROD_005,Snacks,Norte,Paysandú,2.08,4,8.32,0,43,40,5,0
2023-02-07,STORE_01,PROD_008,Limpieza,Este,Paysandú,3.98,7,27.86,0,56,47,5,0
2023-02-17,STORE_03,PROD_011,Lácteos,Norte,Maldonado,3.22,4,12.88,1,50,48,7,0
2023-02-09,STORE_01,PROD_005,Snacks,Sur,Paysandú,1.85,5,9.25,0,24,19,3,0
2023-01-16,STORE_05,PROD_031,Lácteos,Este,Montevideo,3.84,6,23.04,0,33,28,7,0
2023-03-10,STORE_02,PROD_023,Limpieza,Sur,Montevideo,4.68,8,37.44,0,29,22,7,0
2023-02-17,STORE_04,PROD_029,Panadería,Este,Durazno,1.52,3,4.56,0,97,92,5,0
2023-03-11,STORE_02,PROD_036,Panadería,Sur,Montevideo,1.35,7,9.45,0,50,42,7,0
2023-01-04,STORE_01,PROD_005,Bebidas,Este,Montevideo,2.73,7,19.11,0,97,90,3,0
2023-03-10,STORE_04,PROD_043,Lácteos,Sur,Paysandú,2.88,1,2.88,0,26,23,2,0
2023-01-21,STORE_04,PROD_006,Limpieza,Sur,Maldonado,4.44,6,26.64,0,54,49,5,0
2023-01-17,STORE_04,PROD_001,Panadería,Norte,Montevideo,1.54,10,15.4,0,24,11,3,0
2023-01-17,STORE_04,PROD_012,Limpieza,Sur,Maldonado,4.11,4,16.44,0,74,68,2,0
2023-03-07,STORE_02,PROD_023,Panadería,Norte,Durazno,1.46,7,10.22,0,49,39,7,0
2023-02-21,STORE_03,PROD_039,Lácteos,Norte,Durazno,3.03,6,18.18,0,44,35,3,0
2023-01-17,STORE_03,PROD_030,Bebidas,Norte,Paysandú,2.52,7,17.64,1,82,77,3,0
2023-01-06,STORE_05,PROD_030,Bebidas,Este,Paysandú,2.92,5,14.6,0,86,78,3,0
2023-03-04,STORE_03,PROD_037,Limpieza,Oeste,Salto,3.95,9,35.55,0,69,58,5,0
2023-02-24,STORE_03,PROD_007,Limpieza,Este,Montevideo,4.0,7,28.0,0,27,18,2,0
2023-03-10,STORE_03,PROD_043,Snacks,Este,Maldonado,1.81,2,3.62,0,57,53,2,0
2023-03-16,STORE_01,PROD_003,Snacks,Sur,Montevideo,2.12,4,8.48,0,82,80,5,0
2023-02-05,STORE_02,PROD_005,Bebidas,Oeste,Montevideo,2.39,8,19.12,0,31,22,7,0
2023-01-24,STORE_03,PROD_040,Limpieza,Norte,Salto,3.91,3,11.73,0,87,84,7,0
2023-03-05,STORE_01,PROD_025,Snacks,Este,Durazno,1.65,11,18.15,0,61,48,5,0
2023-01-20,STORE_03,PROD_035,Lácteos,Oeste,Salto,2.99,5,14.95,0,28,24,3,0
2023-01-17,STORE_03,PROD_033,Bebidas,Oeste,Montevideo,2.91,5,14.55,0,54,47,5,0
2023-02-06,STORE_05,PROD_044,Lácteos,Sur,Salto,3.17,6,19.02,1,45,39,3,0
2023-01-29,STORE_01,PROD_014,Lácteos,Oeste,Salto,3.29,4,13.16,0,44,39,5,0
2023-01-12,STORE_04,PROD_022,Snacks,Oeste,Maldonado,1.81,5,9.05,0,29,22,5,0
2023-01-14,STORE_03,PROD_041,Limpieza,Este,Durazno,3.63,9,32.67,1,60,48,5,0
2023-01-02,STORE_04,PROD_032,Limpieza,Oeste,Paysandú,3.84,4,15.36,0,58,51,2,0
2023-03-16,STORE_04,PROD_007,Panadería,Este,Paysandú,1.7,9,15.3,1,97,89,7,0
2023-01-16,STORE_05,PROD_001,Lácteos,Norte,Salto,3.28,7,22.96,0,41,36,2,0
2023-03-12,STORE_02,PROD_014,Panadería,Oeste,Maldonado,1.58,10,15.8,0,45,32,3,0
2023-03-25,STORE_02,PROD_026,Bebidas,Este,Paysandú,2.74,12,32.88,0,34,22,2,0
2023-03-04,STORE_05,PROD_015,Limpieza,Norte,Paysandú,4.74,14,66.36,1,44,29,2,0
2023-03-24,STORE_03,PROD_044,Limpieza,Oeste,Salto,4.04,8,32.32,0,76,67,2,0
2023-01-31,STORE_02,PROD_023,Panadería,Norte,Durazno,1.52,2,3.04,0,62,58,3,0
2023-01-05,STORE_04,PROD_028,Panadería,Sur,Durazno,1.49,4,5.96,0,66,64,2,0
2023-01-24,STORE_03,PROD_034,Snacks,Sur,Montevideo,2.15,10,21.5,1,26,14,7,0
2023-03-05,STORE_02,PROD_023,Snacks,Oeste,Salto,1.69,7,11.83,0,42,33,5,0
2023-01-30,STORE_03,PROD_026,Snacks,Oeste,Salto,2.09,4,8.36,0,85,82,2,0
2023-01-07,STORE_05,PROD_038,Panadería,Oeste,Montevideo,1.73,9,15.57,0,21,11,2,0
2023-02-20,STORE_02,PROD_005,Lácteos,Este,Maldonado,3.84,4,15.36,0,33,30,2,0
2023-02-18,STORE_02,PROD_001,Panadería,Este,Paysandú,1.75,10,17.5,0,83,74,3,0
2023-03-25,STORE_04,PROD_030,Limpieza,Norte,Durazno,4.14,10,41.4,1,77,69,7,0
2023-01-19,STORE_05,PROD_013,Limpieza,Oeste,Paysandú,4.51,6,27.06,0,80,73,5,0
2023-02-13,STORE_01,PROD_009,Snacks,Oeste,Durazno,2.12,3,6.36,0,38,34,3,0
2023-03-05,STORE_04,PROD_006,Bebidas,Sur,Maldonado,2.95,10,29.5,1,74,66,5,0
2023-03-06,STORE_04,PROD_018,Panadería,Este,Paysandú,1.38,4,5.52,0,93,91,5,0
2023-01-12,STORE_03,PROD_049,Limpieza,Norte,Salto,4.01,3,12.03,0,83,80,7,0
2023-02-21,STORE_03,PROD_005,Lácteos,Norte,Maldonado,3.22,11,35.42,1,65,56,3,0
2023-01-18,STORE_04,PROD_014,Snacks,Norte,Paysandú,1.92,3,5.76,1,76,74,2,0
2023-01-13,STORE_02,PROD_008,Limpieza,Norte,Durazno,4.18,4,16.72,0,77,72,3,0
2023-02-05,STORE_01,PROD_001,Lácteos,Este,Durazno,3.77,10,37.7,1,83,72,2,0
2023-02-18,STORE_02,PROD_037,Bebidas,Oeste,Montevideo,2.88,10,28.8,1,47,37,7,0
2023-03-19,STORE_04,PROD_021,Lácteos,Sur,Maldonado,3.64,6,21.84,0,52,44,3,0
2023-01-23,STORE_02,PROD_045,Lácteos,Norte,Maldonado,3.38,8,27.04,0,97,86,5,0
2023-01-07,STORE_03,PROD_031,Bebidas,Oeste,Paysandú,2.62,6,15.72,0,56,49,7,0
2023-01-19,STORE_01,PROD_017,Snacks,Sur,Salto,1.64,7,11.48,0,31,24,2,0
2023-03-19,STORE_02,PROD_041,Snacks,Este,Paysandú,1.94,5,9.7,0,32,29,5,0
2023-01-12,STORE_05,PROD_031,Bebidas,Oeste,Durazno,2.75,5,13.75,0,75,69,3,0
2023-01-25,STORE_01,PROD_045,Bebidas,Este,Maldonado,2.81,7,19.67,0,97,87,2,0
2023-01-21,STORE_02,PROD_009,Snacks,Este,Salto,1.7,9,15.3,0,50,39,7,0
2023-02-28,STORE_02,PROD_025,Lácteos,Oeste,Durazno,3.25,11,35.75,0,96,85,7,0
2023-03-18,STORE_03,PROD_026,Panadería,Norte,Montevideo,1.54,3,4.62,0,65,63,2,0
2023-02-21,STORE_02,PROD_009,Limpieza,Sur,Maldonado,3.77,4,15.08,0,59,52,5,0
2023-03-10,STORE_01,PROD_001,Panadería,Oeste,Durazno,1.38,5,6.9,0,61,57,5,0
2023-03-05,STORE_01,PROD_008,Snacks,Norte,Paysandú,1.98,13,25.74,1,58,42,5,0
2023-01-02,STORE_05,PROD_022,Panadería,Norte,Salto,1.37,6,8.22,0,42,36,3,0
2023-02-01,STORE_05,PROD_004,Limpieza,Sur,Maldonado,3.65,10,36.5,1,58,46,3,0
2023-03-27,STORE_05,PROD_045,Limpieza,Norte,Montevideo,3.97,7,27.79,0,73,63,5,0
2023-02-21,STORE_04,PROD_009,Lácteos,Sur,Paysandú,3.31,6,19.86,0,45,41,7,0
2023-03-31,STORE_05,PROD_008,Bebidas,Norte,Paysandú,2.59,4,10.36,0,80,73,5,0
2023-02-12,STORE_04,PROD_035,Snacks,Este,Maldonado,1.76,7,12.32,0,89,81,5,0
2023-03-23,STORE_05,PROD_024,Panadería,Norte,Paysandú,1.64,3,4.92,0,27,26,3,0
2023-01-04,STORE_02,PROD_020,Lácteos,Oeste,Maldonado,3.53,1,3.53,0,41,39,2,0
2023-01-15,STORE_02,PROD_020,Snacks,Oeste,Maldonado,1.78,6,10.68,1,53,44,3,0
2023-02-19,STORE_04,PROD_047,Panadería,Norte,Paysandú,1.8,10,18.0,1,52,42,3,0
2023-02-13,STORE_02,PROD_044,Lácteos,Oeste,Montevideo,3.53,6,21.18,0,23,18,7,0
2023-01-19,STORE_03,PROD_037,Snacks,Oeste,Maldonado,1.78,4,7.12,0,77,74,7,0
2023-03-14,STORE_03,PROD_046,Lácteos,Oeste,Paysandú,3.76,3,11.28,0,35,34,5,0
2023-02-01,STORE_05,PROD_025,Bebidas,Sur,Montevideo,2.71,4,10.84,0,90,83,7,0
2023-02-01,STORE_01,PROD_013,Limpieza,Oeste,Durazno,4.06,2,8.12,0,53,51,5,0
2023-02-02,STORE_04,PROD_032,Panadería,Norte,Maldonado,1.65,4,6.6,0,74,71,7,0
2023-02-04,STORE_05,PROD_047,Panadería,Sur,Salto,1.58,9,14.22,0,84,72,2,0
2023-02-02,STORE_04,PROD_039,Lácteos,Norte,Paysandú,3.81,6,22.86,0,92,85,7,0
2023-02-11,STORE_04,PROD_028,Limpieza,Norte,Durazno,4.45,2,8.9,0,97,97,3,0
2023-02-23,STORE_04,PROD_040,Snacks,Norte,Montevideo,1.95,4,7.8,0,94,91,5,0
2023-03-09,STORE_02,PROD_023,Lácteos,Oeste,Durazno,3.75,6,22.5,0,35,31,7,0
2023-01-17,STORE_04,PROD_006,Limpieza,Norte,Maldonado,4.42,8,35.36,0,60,53,5,0
2023-01-21,STORE_02,PROD_004,Panadería,Este,Salto,1.7,8,13.6,0,56,45,3,0
2023-01-22,STORE_03,PROD_041,Snacks,Norte,Paysandú,1.93,5,9.65,0,44,40,3,0
2023-02-21,STORE_05,PROD_017,Limpieza,Norte,Maldonado,3.76,1,3.76,0,87,88,3,0
2023-01-08,STORE_01,PROD_045,Bebidas,Norte,Maldonado,2.58,10,25.8,1,78,67,7,0
2023-03-08,STORE_04,PROD_002,Lácteos,Sur,Paysandú,3.37,9,30.33,1,34,22,7,0
2023-02-22,STORE_04,PROD_020,Limpieza,Norte,Paysandú,3.77,4,15.08,0,46,43,3,0
2023-03-27,STORE_03,PROD_020,Lácteos,Este,Salto,3.79,6,22.74,0,25,17,5,0
2023-02-27,STORE_04,PROD_018,Limpieza,Norte,Montevideo,4.32,8,34.56,0,38,28,3,0
2023-03-22,STORE_01,PROD_001,Snacks,Oeste,Maldonado,1.69,7,11.83,0,63,57,3,0
2023-01-16,STORE_04,PROD_002,Panadería,Oeste,Paysandú,1.42,4,5.68,1,53,50,5,0
2023-03-13,STORE_05,PROD_041,Limpieza,Sur,Maldonado,4.57,4,18.28,0,20,18,2,0
2023-02-03,STORE_05,PROD_045,Limpieza,Norte,Salto,4.44,1,4.44,0,74,71,3,0
2023-03-29,STORE_05,PROD_004,Snacks,Sur,Salto,1.99,11,21.89,1,43,32,3,0
2023-03-07,STORE_02,PROD_018,Panadería,Este,Durazno,1.49,2,2.98,0,90,87,2,0
2023-03-28,STORE_05,PROD_011,Snacks,Norte,Paysandú,1.72,10,17.2,1,80,68,5,0
2023-03-10,STORE_01,PROD_039,Limpieza,Oeste,Maldonado,4.46,9,40.14,1,56,49,2,0
2023-03-24,STORE_05,PROD_021,Snacks,Norte,Paysandú,2.1,3,6.3,0,32,28,3,0
2023-03-13,STORE_03,PROD_032,Limpieza,Este,Maldonado,4.2,8,33.6,1,93,84,3,0
2023-01-10,STORE_03,PROD_021,Snacks,Oeste,Durazno,2.03,5,10.15,0,50,42,5,0
2023-03-18,STORE_05,PROD_023,Lácteos,Oeste,Durazno,3.52,4,14.08,0,56,54,5,0
2023-03-09,STORE_04,PROD_033,Lácteos,Sur,Paysandú,3.42,6,20.52,1,22,17,3,0
2023-02-03,STORE_04,PROD_030,Snacks,Oeste,Montevideo,1.98,5,9.9,1,70,66,3,0
2023-03-14,STORE_01,PROD_015,Lácteos,Sur,Paysandú,3.42,2,6.84,0,64,59,3,0
2023-03-24,STORE_02,PROD_037,Snacks,Sur,Maldonado,2.14,3,6.42,0,90,89,2,0
2023-03-13,STORE_02,PROD_033,Limpieza,Oeste,Maldonado,3.95,9,35.55,1,55,43,2,0
2023-02-23,STORE_05,PROD_023,Panadería,Norte,Maldonado,1.62,7,11.34,0,35,27,5,0
2023-02-17,STORE_03,PROD_039,Limpieza,Oeste,Paysandú,3.97,4,15.88,0,33,28,3,0
2023-02-25,STORE_05,PROD_018,Bebidas,Sur,Maldonado,2.65,5,13.25,0,20,16,5,0
2023-03-10,STORE_02,PROD_030,Bebidas,Norte,Maldonado,2.44,8,19.52,0,24,15,7,0
2023-03-31,STORE_02,PROD_024,Bebidas,Oeste,Montevideo,2.4,6,14.4,0,95,87,3,0
2023-01-15,STORE_02,PROD_044,Panadería,Norte,Paysandú,1.54,7,10.78,1,21,13,5,0
2023-02-07,STORE_05,PROD_015,Limpieza,Sur,Salto,3.81,4,15.24,0,72,69,2,0
2023-02-01,STORE_01,PROD_037,Snacks,Este,Paysandú,1.92,9,17.28,0,47,35,5,0
2023-01-28,STORE_02,PROD_035,Lácteos,Norte,Paysandú,3.65,14,51.1,1,43,28,3,0
2023-01-27,STORE_01,PROD_040,Bebidas,Este,Maldonado,2.9,2,5.8,0,38,37,7,0
2023-01-15,STORE_05,PROD_040,Bebidas,Norte,Montevideo,2.96,11,32.56,1,87,75,3,0
2023-01-10,STORE_03,PROD_039,Snacks,Norte,Maldonado,1.65,10,16.5,1,79,71,5,0
2023-03-13,STORE_03,PROD_025,Snacks,Norte,Paysandú,1.78,2,3.56,0,93,90,2,0
2023-02-07,STORE_05,PROD_024,Limpieza,Sur,Montevideo,3.68,5,18.4,0,75,71,2,0
2023-02-22,STORE_02,PROD_037,Limpieza,Sur,Paysandú,4.32,7,30.24,0,50,43,5,0
2023-02-27,STORE_05,PROD_025,Limpieza,Sur,Durazno,4.61,8,36.88,1,32,26,7,0
2023-01-23,STORE_05,PROD_024,Lácteos,Sur,Montevideo,3.16,4,12.64,0,60,58,7,0
2023-02-13,STORE_04,PROD_021,Snacks,Norte,Paysandú,1.83,1,1.83,0,59,57,3,0
2023-01-04,STORE_01,PROD_036,Lácteos,Oeste,Maldonado,3.09,3,9.27,0,60,58,7,0
2023-03-03,STORE_05,PROD_047,Limpieza,Oeste,Maldonado,4.14,5,20.7,0,24,19,7,0
2023-02-10,STORE_04,PROD_022,Limpieza,Norte,Salto,4.17,5,20.85,1,98,94,3,0
2023-03-27,STORE_05,PROD_015,Bebidas,Oeste,Montevideo,2.47,2,4.94,0,73,68,5,0
2023-01-05,STORE_01,PROD_038,Snacks,Este,Montevideo,1.73,9,15.57,1,87,76,7,0
2023-01-22,STORE_01,PROD_001,Limpieza,Norte,Paysandú,4.36,8,34.88,0,39,28,3,0
2023-03-09,STORE_03,PROD_042,Bebidas,Este,Paysandú,2.45,9,22.05,1,40,29,3,0
2023-02-05,STORE_03,PROD_023,Bebidas,Este,Durazno,2.26,3,6.78,0,43,40,7,0
2023-02-05,STORE_02,PROD_025,Panadería,Oeste,Durazno,1.49,8,11.92,0,99,93,2,0
2023-03-01,STORE_05,PROD_024,Panadería,Norte,Maldonado,1.48,7,10.36,0,71,62,3,0
2023-01-21,STORE_03,PROD_024,Lácteos,Sur,Montevideo,3.77,7,26.39,0,46,41,2,0
2023-01-17,STORE_01,PROD_046,Lácteos,Norte,Salto,3.42,9,30.78,1,39,31,2,0
2023-03-17,STORE_02,PROD_023,Bebidas,Norte,Montevideo,2.63,4,10.52,0,35,30,7,0
2023-01-17,STORE_01,PROD_021,Panadería,Este,Maldonado,1.55,2,3.1,0,60,58,5,0
2023-02-06,STORE_05,PROD_045,Bebidas,Norte,Salto,2.83,3,8.49,0,80,76,5,0
2023-03-20,STORE_05,PROD_009,Panadería,Este,Maldonado,1.63,4,6.52,0,36,32,3,0
2023-01-06,STORE_01,PROD_032,Bebidas,Norte,Salto,2.71,11,29.81,1,39,25,2,0
2023-03-23,STORE_01,PROD_024,Bebidas,Este,Maldonado,2.98,7,20.86,1,84,76,2,0
2023-03-01,STORE_03,PROD_001,Panadería,Norte,Montevideo,1.78,9,16.02,1,76,67,5,0
2023-03-07,STORE_05,PROD_036,Lácteos,Oeste,Maldonado,3.65,8,29.2,1,26,15,3,0
2023-02-07,STORE_03,PROD_014,Bebidas,Este,Paysandú,2.85,12,34.2,1,76,64,7,0
2023-02-09,STORE_04,PROD_024,Limpieza,Sur,Montevideo,3.69,9,33.21,1,58,49,2,0
2023-01-02,STORE_02,PROD_027,Panadería,Este,Maldonado,1.39,6,8.34,0,40,36,5,0
2023-02-20,STORE_02,PROD_041,Snacks,Oeste,Paysandú,1.85,4,7.4,0,99,93,7,0
2023-03-27,STORE_01,PROD_006,Lácteos,Este,Durazno,3.45,3,10.35,0,82,78,5,0
2023-01-30,STORE_01,PROD_030,Limpieza,Este,Montevideo,4.2,7,29.4,0,68,59,7,0
2023-03-11,STORE_01,PROD_001,Panadería,Este,Montevideo,1.6,5,8.0,0,86,79,7,0
2023-01-03,STORE_02,PROD_002,Snacks,Este,Durazno,2.12,5,10.6,0,57,53,3,0
2023-03-23,STORE_04,PROD_004,Panadería,Este,Maldonado,1.78,7,12.46,0,95,90,2,0
2023-01-10,STORE_03,PROD_019,Panadería,Sur,Maldonado,1.76,2,3.52,0,29,24,2,0
2023-01-12,STORE_02,PROD_010,Panadería,Este,Montevideo,1.5,7,10.5,0,51,42,2,0
2023-01-24,STORE_05,PROD_011,Snacks,Sur,Montevideo,1.98,3,5.94,0,56,53,2,0
2023-01-24,STORE_02,PROD_009,Panadería,Este,Paysandú,1.48,6,8.88,0,68,59,7,0
2023-02-24,STORE_02,PROD_043,Snacks,Norte,Maldonado,1.76,3,5.28,0,63,62,7,0
2023-02-19,STORE_03,PROD_014,Panadería,Este,Maldonado,1.64,12,19.68,1,24,9,2,0
2023-02-25,STORE_05,PROD_037,Lácteos,Sur,Maldonado,3.16,10,31.6,0,64,54,3,0
2023-03-18,STORE_01,PROD_041,Bebidas,Norte,Paysandú,2.76,12,33.12,0,45,32,5,0
2023-01-12,STORE_03,PROD_018,Bebidas,Norte,Salto,2.5,4,10.0,0,67,60,5,0
2023-02-22,STORE_01,PROD_005,Lácteos,Oeste,Maldonado,3.37,9,30.33,1,94,85,5,0
2023-03-18,STORE_03,PROD_038,Limpieza,Norte,Maldonado,4.1,10,41.0,0,76,65,3,0
2023-03-08,STORE_02,PROD_048,Panadería,Oeste,Montevideo,1.76,11,19.36,1,94,80,5,0
2023-03-27,STORE_01,PROD_041,Snacks,Oeste,Maldonado,1.88,9,16.92,1,75,68,3,0
2023-01-18,STORE_01,PROD_003,Lácteos,Norte,Montevideo,3.36,4,13.44,0,96,94,5,0
2023-03-11,STORE_03,PROD_016,Bebidas,Oeste,Salto,2.43,5,12.15,0,25,20,3,0
2023-02-23,STORE_05,PROD_019,Bebidas,Este,Paysandú,2.33,9,20.97,0,83,72,2,0
2023-02-13,STORE_01,PROD_049,Snacks,Oeste,Montevideo,2.09,5,10.45,0,80,73,5,0
2023-01-20,STORE_02,PROD_023,Lácteos,Sur,Salto,3.23,2,6.46,0,92,90,2,0
2023-01-23,STORE_03,PROD_028,Lácteos,Sur,Maldonado,2.9,9,26.1,0,86,76,5,0
2023-01-09,STORE_05,PROD_037,Panadería,Sur,Durazno,1.8,7,12.6,0,82,76,7,0
2023-01-29,STORE_03,PROD_036,Snacks,Oeste,Durazno,1.71,9,15.39,0,51,41,7,0
2023-01-08,STORE_02,PROD_024,Limpieza,Este,Paysandú,4.53,8,36.24,0,51,45,5,0
2023-01-26,STORE_02,PROD_045,Lácteos,Este,Paysandú,3.55,9,31.95,1,38,27,7,0
2023-01-25,STORE_01,PROD_038,Limpieza,Sur,Salto,3.62,8,28.96,0,79,71,5,0
2023-03-18,STORE_03,PROD_024,Lácteos,Este,Maldonado,3.15,9,28.35,0,94,87,7,0
2023-01-30,STORE_05,PROD_028,Snacks,Norte,Salto,1.89,13,24.57,0,53,40,5,0
2023-02-06,STORE_03,PROD_001,Lácteos,Este,Montevideo,3.72,5,18.6,0,82,76,7,0
2023-03-02,STORE_05,PROD_037,Lácteos,Norte,Montevideo,2.94,9,26.46,1,96,88,2,0
2023-01-23,STORE_03,PROD_047,Bebidas,Norte,Maldonado,2.75,5,13.75,0,21,13,5,0
2023-03-15,STORE_05,PROD_016,Panadería,Oeste,Salto,1.68,7,11.76,0,58,53,2,0
2023-02-07,STORE_03,PROD_019,Lácteos,Norte,Maldonado,3.52,6,21.12,0,59,52,2,0
2023-02-19,STORE_05,PROD_038,Panadería,Sur,Montevideo,1.7,5,8.5,0,51,43,5,0
2023-03-11,STORE_03,PROD_048,Snacks,Oeste,Paysandú,1.74,7,12.18,1,41,33,7,0
2023-01-29,STORE_02,PROD_032,Snacks,Sur,Maldonado,1.67,5,8.35,0,48,44,5,0
2023-01-10,STORE_05,PROD_045,Bebidas,Sur,Durazno,2.56,2,5.12,0,41,40,5,0
2023-02-04,STORE_04,PROD_005,Lácteos,Oeste,Durazno,3.6,7,25.2,1,21,13,2,0
2023-02-21,STORE_05,PROD_027,Snacks,Sur,Maldonado,1.89,4,7.56,0,23,21,3,0
2023-03-21,STORE_04,PROD_016,Bebidas,Norte,Montevideo,2.4,6,14.4,0,78,74,7,0
2023-03-16,STORE_04,PROD_050,Bebidas,Oeste,Maldonado,2.68,3,8.04,0,34,32,7,0
2023-01-23,STORE_03,PROD_039,Limpieza,Oeste,Maldonado,4.16,4,16.64,0,24,21,7,0
2023-03-05,STORE_01,PROD_025,Bebidas,Norte,Montevideo,2.72,8,21.76,1,28,19,7,0
2023-03-21,STORE_01,PROD_018,Snacks,Norte,Salto,2.1,5,10.5,0,67,60,7,0
2023-01-05,STORE_01,PROD_019,Snacks,Norte,Maldonado,1.75,4,7.0,0,55,51,5,0
2023-01-27,STORE_03,PROD_027,Panadería,Norte,Maldonado,1.63,3,4.89,0,55,54,7,0
2023-03-30,STORE_02,PROD_034,Limpieza,Oeste,Salto,4.64,10,46.4,1,98,90,3,0
2023-02-06,STORE_03,PROD_033,Snacks,Norte,Montevideo,2.14,5,10.7,0,37,32,7,0
2023-02-11,STORE_03,PROD_006,Bebidas,Oeste,Maldonado,2.95,6,17.7,0,72,63,3,0
2023-03-02,STORE_02,PROD_010,Lácteos,Sur,Maldonado,3.28,7,22.96,0,76,67,2,0
2023-02-09,STORE_03,PROD_026,Bebidas,Sur,Maldonado,2.5,7,17.5,0,30,22,2,0
2023-03-24,STORE_02,PROD_047,Limpieza,Norte,Durazno,4.58,4,18.32,0,82,78,3,0
2023-02-22,STORE_04,PROD_004,Panadería,Norte,Maldonado,1.55,6,9.3,0,30,22,2,0
2023-03-22,STORE_05,PROD_034,Lácteos,Norte,Salto,2.88,5,14.4,0,70,63,3,0
2023-03-17,STORE_03,PROD_036,Lácteos,Norte,Paysandú,3.77,6,22.62,0,76,67,7,0
2023-03-20,STORE_03,PROD_038,Limpieza,Norte,Salto,4.04,8,32.32,0,79,72,2,0
2023-03-29,STORE_04,PROD_021,Panadería,Este,Salto,1.35,2,2.7,0,64,63,2,0
2023-02-20,STORE_02,PROD_001,Snacks,Oeste,Durazno,1.99,4,7.96,0,39,34,5,0
2023-01-09,STORE_02,PROD_045,Snacks,Norte,Maldonado,2.09,3,6.27,0,25,23,7,0
2023-03-14,STORE_03,PROD_007,Bebidas,Norte,Paysandú,2.26,3,6.78,0,82,76,3,0
2023-02-23,STORE_02,PROD_026,Snacks,Sur,Paysandú,1.9,3,5.7,0,23,19,2,0
2023-01-24,STORE_02,PROD_027,Panadería,Sur,Durazno,1.43,5,7.15,1,42,37,2,0
2023-02-10,STORE_05,PROD_006,Limpieza,Oeste,Maldonado,4.42,6,26.52,0,34,27,7,0
2023-02-21,STORE_04,PROD_037,Lácteos,Este,Paysandú,2.93,7,20.51,0,58,49,5,0
2023-02-21,STORE_04,PROD_020,Limpieza,Sur,Maldonado,4.32,3,12.96,0,80,74,7,0
2023-02-11,STORE_05,PROD_020,Lácteos,Este,Paysandú,3.62,6,21.72,0,54,50,7,0
2023-03-20,STORE_02,PROD_008,Limpieza,Norte,Maldonado,3.97,13,51.61,1,58,44,7,0
2023-02-03,STORE_05,PROD_041,Bebidas,Norte,Durazno,2.51,5,12.55,0,70,62,3,0
2023-01-17,STORE_02,PROD_046,Limpieza,Este,Durazno,4.48,3,13.44,0,75,73,3,0
2023-01-17,STORE_05,PROD_005,Limpieza,Norte,Paysandú,4.71,2,9.42,0,82,78,7,0
2023-03-30,STORE_04,PROD_033,Snacks,Sur,Montevideo,2.03,8,16.24,0,62,56,2,0
2023-01-14,STORE_03,PROD_005,Snacks,Este,Maldonado,2.11,7,14.77,0,60,51,3,0
2023-03-01,STORE_02,PROD_011,Limpieza,Este,Salto,3.89,5,19.45,0,36,28,7,0
2023-03-09,STORE_01,PROD_039,Bebidas,Sur,Montevideo,2.44,6,14.64,0,45,39,5,0
2023-03-22,STORE_05,PROD_008,Limpieza,Sur,Paysandú,4.18,0,0.0,0,67,65,7,0
2023-02-21,STORE_03,PROD_034,Lácteos,Este,Salto,3.64,9,32.76,0,89,79,2,0
2023-03-13,STORE_02,PROD_040,Lácteos,Norte,Paysandú,3.35,6,20.1,0,28,19,7,0
2023-02-03,STORE_01,PROD_032,Snacks,Oeste,Montevideo,2.14,5,10.7,0,31,23,5,0
2023-01-27,STORE_01,PROD_016,Lácteos,Oeste,Maldonado,3.18,4,12.72,0,83,80,7,0
2023-03-20,STORE_01,PROD_041,Lácteos,Norte,Salto,3.69,5,18.45,0,65,62,5,0
2023-01-01,STORE_02,PROD_019,Bebidas,Sur,Montevideo,2.92,13,37.96,1,69,54,5,0
2023-01-04,STORE_01,PROD_043,Limpieza,Norte,Durazno,3.8,7,26.6,0,24,14,3,0
2023-03-21,STORE_02,PROD_032,Snacks,Este,Salto,1.8,5,9.0,0,29,23,5,0
2023-01-09,STORE_03,PROD_026,Panadería,Norte,Maldonado,1.68,8,13.44,0,93,86,2,0
2023-02-02,STORE_03,PROD_011,Snacks,Norte,Montevideo,1.96,4,7.84,0,60,54,5,0
2023-03-03,STORE_02,PROD_040,Panadería,Sur,Durazno,1.59,4,6.36,1,27,25,5,0
2023-01-18,STORE_04,PROD_046,Lácteos,Este,Maldonado,3.24,8,25.92,1,86,79,7,0
2023-03-01,STORE_01,PROD_044,Panadería,Oeste,Montevideo,1.54,13,20.02,1,94,79,2,0
2023-01-25,STORE_01,PROD_031,Panadería,Oeste,Paysandú,1.69,8,13.52,0,61,50,7,0
2023-03-25,STORE_02,PROD_049,Panadería,Sur,Paysandú,1.45,7,10.15,1,54,46,2,0
2023-03-08,STORE_03,PROD_034,Snacks,Oeste,Salto,1.86,6,11.16,1,42,34,3,0
2023-02-05,STORE_05,PROD_031,Limpieza,Oeste,Salto,4.01,10,40.1,0,59,46,2,0
2023-03-13,STORE_02,PROD_045,Bebidas,Oeste,Maldonado,2.53,6,15.18,0,22,18,7,0
2023-03-19,STORE_04,PROD_038,Lácteos,Este,Montevideo,2.97,9,26.73,0,98,88,5,0
2023-03-21,STORE_05,PROD_001,Limpieza,Norte,Salto,4.15,10,41.5,1,30,21,7,0
2023-03-27,STORE_02,PROD_019,Lácteos,Sur,Maldonado,3.11,2,6.22,0,91,90,3,0
2023-02-17,STORE_04,PROD_018,Panadería,Sur,Maldonado,1.72,3,5.16,0,44,42,5,0
2023-03-22,STORE_01,PROD_033,Lácteos,Este,Salto,3.3,10,33.0,1,63,54,7,0
2023-01-04,STORE_04,PROD_046,Lácteos,Sur,Maldonado,3.45,2,6.9,0,79,78,3,0
2023-01-18,STORE_05,PROD_015,Lácteos,Oeste,Paysandú,3.4,13,44.2,1,64,48,5,0
2023-01-05,STORE_03,PROD_028,Limpieza,Este,Paysandú,3.87,3,11.61,0,78,76,2,0
2023-01-21,STORE_04,PROD_041,Lácteos,Norte,Salto,3.74,10,37.4,0,75,64,2,0
2023-01-05,STORE_01,PROD_010,Lácteos,Sur,Salto,3.19,5,15.95,0,31,24,5,0
2023-01-26,STORE_05,PROD_006,Snacks,Sur,Durazno,1.67,3,5.01,0,56,54,3,0
2023-03-27,STORE_03,PROD_028,Snacks,Este,Maldonado,1.68,10,16.8,0,58,47,2,0
2023-03-02,STORE_02,PROD_046,Lácteos,Oeste,Maldonado,3.31,5,16.55,0,77,69,2,0
2023-03-10,STORE_02,PROD_035,Lácteos,Este,Durazno,3.21,4,12.84,0,28,25,5,0
2023-01-08,STORE_05,PROD_029,Limpieza,Este,Maldonado,4.2,6,25.2,0,74,68,5,0
